{
  "household": {
    "facts": [
      {"ctor":"marriage_", "args": [ {"a":"alice_and_bob"} ]},
      {
	"ctor":"agent_",
	"args": [ {"a":"alice_and_bob"},  {"a":"alice"} ]
      },
      {"ctor":"agent_", "args": [ {"a":"alice_and_bob"},  {"a":"bob"} ]},
      {"ctor":"start_", "args": [ {"a":"alice_and_bob"}, "1992-02-03" ]},
      {"ctor":"service_", "args": [ {"a":"workforalice_2015_1"} ]},
      {"ctor":"service_", "args": [ {"a":"workforalice_2015_2"} ]},
      {"ctor":"service_", "args": [ {"a":"workforalice_2015_3"} ]},
      {"ctor":"service_", "args": [ {"a":"workforalice_2015_4"} ]},
      {"ctor":"service_", "args": [ {"a":"workforalice_2015_5"} ]},
      {"ctor":"service_", "args": [ {"a":"workforalice_2015_6"} ]},
      {"ctor":"service_", "args": [ {"a":"workforalice_2015_7"} ]},
      {"ctor":"service_", "args": [ {"a":"workforalice_2015_8"} ]},
      {"ctor":"service_", "args": [ {"a":"workforalice_2015_9"} ]},
      {"ctor":"service_", "args": [ {"a":"workforalice_2015_10"} ]},
      {"ctor":"service_", "args": [ {"a":"workforalice_2015_11"} ]},
      {"ctor":"service_", "args": [ {"a":"workforalice_2015_12"} ]},
      {"ctor":"service_", "args": [ {"a":"workforalice_2015_13"} ]},
      {"ctor":"service_", "args": [ {"a":"workforalice_2015_14"} ]},
      {"ctor":"service_", "args": [ {"a":"workforalice_2015_15"} ]},
      {"ctor":"service_", "args": [ {"a":"workforalice_2015_16"} ]},
      {"ctor":"service_", "args": [ {"a":"workforalice_2015_17"} ]},
      {"ctor":"service_", "args": [ {"a":"workforalice_2015_18"} ]},
      {"ctor":"service_", "args": [ {"a":"workforalice_2015_19"} ]},
      {"ctor":"service_", "args": [ {"a":"workforalice_2015_20"} ]},
      {"ctor":"service_", "args": [ {"a":"workforalice_2015_21"} ]},
      {"ctor":"service_", "args": [ {"a":"workforalice_2015_22"} ]},
      {"ctor":"service_", "args": [ {"a":"workforalice_2015_23"} ]},
      {"ctor":"service_", "args": [ {"a":"workforalice_2015_24"} ]},
      {"ctor":"service_", "args": [ {"a":"workforalice_2015_25"} ]},
      {"ctor":"service_", "args": [ {"a":"workforalice_2015_26"} ]},
      {"ctor":"service_", "args": [ {"a":"workforalice_2015_27"} ]},
      {"ctor":"service_", "args": [ {"a":"workforalice_2015_28"} ]},
      {"ctor":"service_", "args": [ {"a":"workforalice_2015_29"} ]},
      {"ctor":"service_", "args": [ {"a":"workforalice_2015_30"} ]},
      {"ctor":"service_", "args": [ {"a":"workforalice_2015_31"} ]},
      {"ctor":"service_", "args": [ {"a":"workforalice_2015_32"} ]},
      {"ctor":"service_", "args": [ {"a":"workforalice_2015_33"} ]},
      {"ctor":"service_", "args": [ {"a":"workforalice_2015_34"} ]},
      {"ctor":"service_", "args": [ {"a":"workforalice_2015_35"} ]},
      {"ctor":"service_", "args": [ {"a":"workforalice_2015_36"} ]},
      {"ctor":"service_", "args": [ {"a":"workforalice_2015_37"} ]},
      {"ctor":"service_", "args": [ {"a":"workforalice_2015_38"} ]},
      {"ctor":"service_", "args": [ {"a":"workforalice_2015_39"} ]},
      {"ctor":"service_", "args": [ {"a":"workforalice_2015_40"} ]},
      {"ctor":"service_", "args": [ {"a":"workforalice_2015_41"} ]},
      {"ctor":"service_", "args": [ {"a":"workforalice_2015_42"} ]},
      {"ctor":"service_", "args": [ {"a":"workforalice_2015_43"} ]},
      {"ctor":"service_", "args": [ {"a":"workforalice_2015_44"} ]},
      {"ctor":"service_", "args": [ {"a":"workforalice_2015_45"} ]},
      {"ctor":"service_", "args": [ {"a":"workforalice_2015_46"} ]},
      {"ctor":"service_", "args": [ {"a":"workforalice_2015_47"} ]},
      {"ctor":"service_", "args": [ {"a":"workforalice_2015_48"} ]},
      {"ctor":"service_", "args": [ {"a":"workforalice_2015_49"} ]},
      {"ctor":"service_", "args": [ {"a":"workforalice_2015_50"} ]},
      {"ctor":"service_", "args": [ {"a":"workforalice_2015_51"} ]},
      {"ctor":"service_", "args": [ {"a":"workforalice_2015_52"} ]},
      {"ctor":"service_", "args": [ {"a":"workforalice_2015_53"} ]},
      {"ctor":"service_", "args": [ {"a":"workforalice_2015_54"} ]},
      {"ctor":"service_", "args": [ {"a":"workforalice_2015_55"} ]},
      {"ctor":"service_", "args": [ {"a":"workforalice_2015_56"} ]},
      {"ctor":"service_", "args": [ {"a":"workforalice_2015_57"} ]},
      {"ctor":"service_", "args": [ {"a":"workforalice_2015_58"} ]},
      {"ctor":"service_", "args": [ {"a":"workforalice_2015_59"} ]},
      {"ctor":"service_", "args": [ {"a":"workforalice_2015_60"} ]},
      {"ctor":"service_", "args": [ {"a":"workforalice_2015_61"} ]},
      {"ctor":"service_", "args": [ {"a":"workforalice_2015_62"} ]},
      {"ctor":"service_", "args": [ {"a":"workforalice_2015_63"} ]},
      {"ctor":"service_", "args": [ {"a":"workforalice_2015_64"} ]},
      {"ctor":"service_", "args": [ {"a":"workforalice_2015_65"} ]},
      {"ctor":"service_", "args": [ {"a":"workforalice_2015_66"} ]},
      {"ctor":"service_", "args": [ {"a":"workforalice_2015_67"} ]},
      {"ctor":"service_", "args": [ {"a":"workforalice_2015_68"} ]},
      {"ctor":"service_", "args": [ {"a":"workforalice_2015_69"} ]},
      {"ctor":"service_", "args": [ {"a":"workforalice_2015_70"} ]},
      {"ctor":"service_", "args": [ {"a":"workforalice_2015_71"} ]},
      {"ctor":"service_", "args": [ {"a":"workforalice_2015_72"} ]},
      {"ctor":"service_", "args": [ {"a":"workforalice_2015_73"} ]},
      {"ctor":"service_", "args": [ {"a":"workforalice_2015_74"} ]},
      {"ctor":"service_", "args": [ {"a":"workforalice_2015_75"} ]},
      {"ctor":"service_", "args": [ {"a":"workforalice_2015_76"} ]},
      {"ctor":"service_", "args": [ {"a":"workforalice_2015_77"} ]},
      {"ctor":"service_", "args": [ {"a":"workforalice_2015_78"} ]},
      {"ctor":"service_", "args": [ {"a":"workforalice_2015_79"} ]},
      {"ctor":"service_", "args": [ {"a":"workforalice_2015_80"} ]},
      {"ctor":"service_", "args": [ {"a":"workforalice_2015_81"} ]},
      {"ctor":"service_", "args": [ {"a":"workforalice_2015_82"} ]},
      {"ctor":"service_", "args": [ {"a":"workforalice_2015_83"} ]},
      {"ctor":"service_", "args": [ {"a":"workforalice_2015_84"} ]},
      {"ctor":"service_", "args": [ {"a":"workforalice_2015_85"} ]},
      {"ctor":"service_", "args": [ {"a":"workforalice_2015_86"} ]},
      {"ctor":"service_", "args": [ {"a":"workforalice_2015_87"} ]},
      {
	"ctor":"agent_",
	"args": [ {"a":"workforalice_2015_1"},  {"a":"employee_2015_1"} ]
      },
      {
	"ctor":"agent_",
	"args": [ {"a":"workforalice_2015_2"},  {"a":"employee_2015_2"} ]
      },
      {
	"ctor":"agent_",
	"args": [ {"a":"workforalice_2015_3"},  {"a":"employee_2015_3"} ]
      },
      {
	"ctor":"agent_",
	"args": [ {"a":"workforalice_2015_4"},  {"a":"employee_2015_4"} ]
      },
      {
	"ctor":"agent_",
	"args": [ {"a":"workforalice_2015_5"},  {"a":"employee_2015_5"} ]
      },
      {
	"ctor":"agent_",
	"args": [ {"a":"workforalice_2015_6"},  {"a":"employee_2015_6"} ]
      },
      {
	"ctor":"agent_",
	"args": [ {"a":"workforalice_2015_7"},  {"a":"employee_2015_7"} ]
      },
      {
	"ctor":"agent_",
	"args": [ {"a":"workforalice_2015_8"},  {"a":"employee_2015_8"} ]
      },
      {
	"ctor":"agent_",
	"args": [ {"a":"workforalice_2015_9"},  {"a":"employee_2015_9"} ]
      },
      {
	"ctor":"agent_",
	"args": [ {"a":"workforalice_2015_10"},  {"a":"employee_2015_10"} ]
      },
      {
	"ctor":"agent_",
	"args": [ {"a":"workforalice_2015_11"},  {"a":"employee_2015_11"} ]
      },
      {
	"ctor":"agent_",
	"args": [ {"a":"workforalice_2015_12"},  {"a":"employee_2015_12"} ]
      },
      {
	"ctor":"agent_",
	"args": [ {"a":"workforalice_2015_13"},  {"a":"employee_2015_13"} ]
      },
      {
	"ctor":"agent_",
	"args": [ {"a":"workforalice_2015_14"},  {"a":"employee_2015_14"} ]
      },
      {
	"ctor":"agent_",
	"args": [ {"a":"workforalice_2015_15"},  {"a":"employee_2015_15"} ]
      },
      {
	"ctor":"agent_",
	"args": [ {"a":"workforalice_2015_16"},  {"a":"employee_2015_16"} ]
      },
      {
	"ctor":"agent_",
	"args": [ {"a":"workforalice_2015_17"},  {"a":"employee_2015_17"} ]
      },
      {
	"ctor":"agent_",
	"args": [ {"a":"workforalice_2015_18"},  {"a":"employee_2015_18"} ]
      },
      {
	"ctor":"agent_",
	"args": [ {"a":"workforalice_2015_19"},  {"a":"employee_2015_19"} ]
      },
      {
	"ctor":"agent_",
	"args": [ {"a":"workforalice_2015_20"},  {"a":"employee_2015_20"} ]
      },
      {
	"ctor":"agent_",
	"args": [ {"a":"workforalice_2015_21"},  {"a":"employee_2015_21"} ]
      },
      {
	"ctor":"agent_",
	"args": [ {"a":"workforalice_2015_22"},  {"a":"employee_2015_22"} ]
      },
      {
	"ctor":"agent_",
	"args": [ {"a":"workforalice_2015_23"},  {"a":"employee_2015_23"} ]
      },
      {
	"ctor":"agent_",
	"args": [ {"a":"workforalice_2015_24"},  {"a":"employee_2015_24"} ]
      },
      {
	"ctor":"agent_",
	"args": [ {"a":"workforalice_2015_25"},  {"a":"employee_2015_25"} ]
      },
      {
	"ctor":"agent_",
	"args": [ {"a":"workforalice_2015_26"},  {"a":"employee_2015_26"} ]
      },
      {
	"ctor":"agent_",
	"args": [ {"a":"workforalice_2015_27"},  {"a":"employee_2015_27"} ]
      },
      {
	"ctor":"agent_",
	"args": [ {"a":"workforalice_2015_28"},  {"a":"employee_2015_28"} ]
      },
      {
	"ctor":"agent_",
	"args": [ {"a":"workforalice_2015_29"},  {"a":"employee_2015_29"} ]
      },
      {
	"ctor":"agent_",
	"args": [ {"a":"workforalice_2015_30"},  {"a":"employee_2015_30"} ]
      },
      {
	"ctor":"agent_",
	"args": [ {"a":"workforalice_2015_31"},  {"a":"employee_2015_31"} ]
      },
      {
	"ctor":"agent_",
	"args": [ {"a":"workforalice_2015_32"},  {"a":"employee_2015_32"} ]
      },
      {
	"ctor":"agent_",
	"args": [ {"a":"workforalice_2015_33"},  {"a":"employee_2015_33"} ]
      },
      {
	"ctor":"agent_",
	"args": [ {"a":"workforalice_2015_34"},  {"a":"employee_2015_34"} ]
      },
      {
	"ctor":"agent_",
	"args": [ {"a":"workforalice_2015_35"},  {"a":"employee_2015_35"} ]
      },
      {
	"ctor":"agent_",
	"args": [ {"a":"workforalice_2015_36"},  {"a":"employee_2015_36"} ]
      },
      {
	"ctor":"agent_",
	"args": [ {"a":"workforalice_2015_37"},  {"a":"employee_2015_37"} ]
      },
      {
	"ctor":"agent_",
	"args": [ {"a":"workforalice_2015_38"},  {"a":"employee_2015_38"} ]
      },
      {
	"ctor":"agent_",
	"args": [ {"a":"workforalice_2015_39"},  {"a":"employee_2015_39"} ]
      },
      {
	"ctor":"agent_",
	"args": [ {"a":"workforalice_2015_40"},  {"a":"employee_2015_40"} ]
      },
      {
	"ctor":"agent_",
	"args": [ {"a":"workforalice_2015_41"},  {"a":"employee_2015_41"} ]
      },
      {
	"ctor":"agent_",
	"args": [ {"a":"workforalice_2015_42"},  {"a":"employee_2015_42"} ]
      },
      {
	"ctor":"agent_",
	"args": [ {"a":"workforalice_2015_43"},  {"a":"employee_2015_43"} ]
      },
      {
	"ctor":"agent_",
	"args": [ {"a":"workforalice_2015_44"},  {"a":"employee_2015_44"} ]
      },
      {
	"ctor":"agent_",
	"args": [ {"a":"workforalice_2015_45"},  {"a":"employee_2015_45"} ]
      },
      {
	"ctor":"agent_",
	"args": [ {"a":"workforalice_2015_46"},  {"a":"employee_2015_46"} ]
      },
      {
	"ctor":"agent_",
	"args": [ {"a":"workforalice_2015_47"},  {"a":"employee_2015_47"} ]
      },
      {
	"ctor":"agent_",
	"args": [ {"a":"workforalice_2015_48"},  {"a":"employee_2015_48"} ]
      },
      {
	"ctor":"agent_",
	"args": [ {"a":"workforalice_2015_49"},  {"a":"employee_2015_49"} ]
      },
      {
	"ctor":"agent_",
	"args": [ {"a":"workforalice_2015_50"},  {"a":"employee_2015_50"} ]
      },
      {
	"ctor":"agent_",
	"args": [ {"a":"workforalice_2015_51"},  {"a":"employee_2015_51"} ]
      },
      {
	"ctor":"agent_",
	"args": [ {"a":"workforalice_2015_52"},  {"a":"employee_2015_52"} ]
      },
      {
	"ctor":"agent_",
	"args": [ {"a":"workforalice_2015_53"},  {"a":"employee_2015_53"} ]
      },
      {
	"ctor":"agent_",
	"args": [ {"a":"workforalice_2015_54"},  {"a":"employee_2015_54"} ]
      },
      {
	"ctor":"agent_",
	"args": [ {"a":"workforalice_2015_55"},  {"a":"employee_2015_55"} ]
      },
      {
	"ctor":"agent_",
	"args": [ {"a":"workforalice_2015_56"},  {"a":"employee_2015_56"} ]
      },
      {
	"ctor":"agent_",
	"args": [ {"a":"workforalice_2015_57"},  {"a":"employee_2015_57"} ]
      },
      {
	"ctor":"agent_",
	"args": [ {"a":"workforalice_2015_58"},  {"a":"employee_2015_58"} ]
      },
      {
	"ctor":"agent_",
	"args": [ {"a":"workforalice_2015_59"},  {"a":"employee_2015_59"} ]
      },
      {
	"ctor":"agent_",
	"args": [ {"a":"workforalice_2015_60"},  {"a":"employee_2015_60"} ]
      },
      {
	"ctor":"agent_",
	"args": [ {"a":"workforalice_2015_61"},  {"a":"employee_2015_61"} ]
      },
      {
	"ctor":"agent_",
	"args": [ {"a":"workforalice_2015_62"},  {"a":"employee_2015_62"} ]
      },
      {
	"ctor":"agent_",
	"args": [ {"a":"workforalice_2015_63"},  {"a":"employee_2015_63"} ]
      },
      {
	"ctor":"agent_",
	"args": [ {"a":"workforalice_2015_64"},  {"a":"employee_2015_64"} ]
      },
      {
	"ctor":"agent_",
	"args": [ {"a":"workforalice_2015_65"},  {"a":"employee_2015_65"} ]
      },
      {
	"ctor":"agent_",
	"args": [ {"a":"workforalice_2015_66"},  {"a":"employee_2015_66"} ]
      },
      {
	"ctor":"agent_",
	"args": [ {"a":"workforalice_2015_67"},  {"a":"employee_2015_67"} ]
      },
      {
	"ctor":"agent_",
	"args": [ {"a":"workforalice_2015_68"},  {"a":"employee_2015_68"} ]
      },
      {
	"ctor":"agent_",
	"args": [ {"a":"workforalice_2015_69"},  {"a":"employee_2015_69"} ]
      },
      {
	"ctor":"agent_",
	"args": [ {"a":"workforalice_2015_70"},  {"a":"employee_2015_70"} ]
      },
      {
	"ctor":"agent_",
	"args": [ {"a":"workforalice_2015_71"},  {"a":"employee_2015_71"} ]
      },
      {
	"ctor":"agent_",
	"args": [ {"a":"workforalice_2015_72"},  {"a":"employee_2015_72"} ]
      },
      {
	"ctor":"agent_",
	"args": [ {"a":"workforalice_2015_73"},  {"a":"employee_2015_73"} ]
      },
      {
	"ctor":"agent_",
	"args": [ {"a":"workforalice_2015_74"},  {"a":"employee_2015_74"} ]
      },
      {
	"ctor":"agent_",
	"args": [ {"a":"workforalice_2015_75"},  {"a":"employee_2015_75"} ]
      },
      {
	"ctor":"agent_",
	"args": [ {"a":"workforalice_2015_76"},  {"a":"employee_2015_76"} ]
      },
      {
	"ctor":"agent_",
	"args": [ {"a":"workforalice_2015_77"},  {"a":"employee_2015_77"} ]
      },
      {
	"ctor":"agent_",
	"args": [ {"a":"workforalice_2015_78"},  {"a":"employee_2015_78"} ]
      },
      {
	"ctor":"agent_",
	"args": [ {"a":"workforalice_2015_79"},  {"a":"employee_2015_79"} ]
      },
      {
	"ctor":"agent_",
	"args": [ {"a":"workforalice_2015_80"},  {"a":"employee_2015_80"} ]
      },
      {
	"ctor":"agent_",
	"args": [ {"a":"workforalice_2015_81"},  {"a":"employee_2015_81"} ]
      },
      {
	"ctor":"agent_",
	"args": [ {"a":"workforalice_2015_82"},  {"a":"employee_2015_82"} ]
      },
      {
	"ctor":"agent_",
	"args": [ {"a":"workforalice_2015_83"},  {"a":"employee_2015_83"} ]
      },
      {
	"ctor":"agent_",
	"args": [ {"a":"workforalice_2015_84"},  {"a":"employee_2015_84"} ]
      },
      {
	"ctor":"agent_",
	"args": [ {"a":"workforalice_2015_85"},  {"a":"employee_2015_85"} ]
      },
      {
	"ctor":"agent_",
	"args": [ {"a":"workforalice_2015_86"},  {"a":"employee_2015_86"} ]
      },
      {
	"ctor":"agent_",
	"args": [ {"a":"workforalice_2015_87"},  {"a":"employee_2015_87"} ]
      },
      {
	"ctor":"patient_",
	"args": [ {"a":"workforalice_2015_1"},  {"a":"alice"} ]
      },
      {
	"ctor":"patient_",
	"args": [ {"a":"workforalice_2015_2"},  {"a":"alice"} ]
      },
      {
	"ctor":"patient_",
	"args": [ {"a":"workforalice_2015_3"},  {"a":"alice"} ]
      },
      {
	"ctor":"patient_",
	"args": [ {"a":"workforalice_2015_4"},  {"a":"alice"} ]
      },
      {
	"ctor":"patient_",
	"args": [ {"a":"workforalice_2015_5"},  {"a":"alice"} ]
      },
      {
	"ctor":"patient_",
	"args": [ {"a":"workforalice_2015_6"},  {"a":"alice"} ]
      },
      {
	"ctor":"patient_",
	"args": [ {"a":"workforalice_2015_7"},  {"a":"alice"} ]
      },
      {
	"ctor":"patient_",
	"args": [ {"a":"workforalice_2015_8"},  {"a":"alice"} ]
      },
      {
	"ctor":"patient_",
	"args": [ {"a":"workforalice_2015_9"},  {"a":"alice"} ]
      },
      {
	"ctor":"patient_",
	"args": [ {"a":"workforalice_2015_10"},  {"a":"alice"} ]
      },
      {
	"ctor":"patient_",
	"args": [ {"a":"workforalice_2015_11"},  {"a":"alice"} ]
      },
      {
	"ctor":"patient_",
	"args": [ {"a":"workforalice_2015_12"},  {"a":"alice"} ]
      },
      {
	"ctor":"patient_",
	"args": [ {"a":"workforalice_2015_13"},  {"a":"alice"} ]
      },
      {
	"ctor":"patient_",
	"args": [ {"a":"workforalice_2015_14"},  {"a":"alice"} ]
      },
      {
	"ctor":"patient_",
	"args": [ {"a":"workforalice_2015_15"},  {"a":"alice"} ]
      },
      {
	"ctor":"patient_",
	"args": [ {"a":"workforalice_2015_16"},  {"a":"alice"} ]
      },
      {
	"ctor":"patient_",
	"args": [ {"a":"workforalice_2015_17"},  {"a":"alice"} ]
      },
      {
	"ctor":"patient_",
	"args": [ {"a":"workforalice_2015_18"},  {"a":"alice"} ]
      },
      {
	"ctor":"patient_",
	"args": [ {"a":"workforalice_2015_19"},  {"a":"alice"} ]
      },
      {
	"ctor":"patient_",
	"args": [ {"a":"workforalice_2015_20"},  {"a":"alice"} ]
      },
      {
	"ctor":"patient_",
	"args": [ {"a":"workforalice_2015_21"},  {"a":"alice"} ]
      },
      {
	"ctor":"patient_",
	"args": [ {"a":"workforalice_2015_22"},  {"a":"alice"} ]
      },
      {
	"ctor":"patient_",
	"args": [ {"a":"workforalice_2015_23"},  {"a":"alice"} ]
      },
      {
	"ctor":"patient_",
	"args": [ {"a":"workforalice_2015_24"},  {"a":"alice"} ]
      },
      {
	"ctor":"patient_",
	"args": [ {"a":"workforalice_2015_25"},  {"a":"alice"} ]
      },
      {
	"ctor":"patient_",
	"args": [ {"a":"workforalice_2015_26"},  {"a":"alice"} ]
      },
      {
	"ctor":"patient_",
	"args": [ {"a":"workforalice_2015_27"},  {"a":"alice"} ]
      },
      {
	"ctor":"patient_",
	"args": [ {"a":"workforalice_2015_28"},  {"a":"alice"} ]
      },
      {
	"ctor":"patient_",
	"args": [ {"a":"workforalice_2015_29"},  {"a":"alice"} ]
      },
      {
	"ctor":"patient_",
	"args": [ {"a":"workforalice_2015_30"},  {"a":"alice"} ]
      },
      {
	"ctor":"patient_",
	"args": [ {"a":"workforalice_2015_31"},  {"a":"alice"} ]
      },
      {
	"ctor":"patient_",
	"args": [ {"a":"workforalice_2015_32"},  {"a":"alice"} ]
      },
      {
	"ctor":"patient_",
	"args": [ {"a":"workforalice_2015_33"},  {"a":"alice"} ]
      },
      {
	"ctor":"patient_",
	"args": [ {"a":"workforalice_2015_34"},  {"a":"alice"} ]
      },
      {
	"ctor":"patient_",
	"args": [ {"a":"workforalice_2015_35"},  {"a":"alice"} ]
      },
      {
	"ctor":"patient_",
	"args": [ {"a":"workforalice_2015_36"},  {"a":"alice"} ]
      },
      {
	"ctor":"patient_",
	"args": [ {"a":"workforalice_2015_37"},  {"a":"alice"} ]
      },
      {
	"ctor":"patient_",
	"args": [ {"a":"workforalice_2015_38"},  {"a":"alice"} ]
      },
      {
	"ctor":"patient_",
	"args": [ {"a":"workforalice_2015_39"},  {"a":"alice"} ]
      },
      {
	"ctor":"patient_",
	"args": [ {"a":"workforalice_2015_40"},  {"a":"alice"} ]
      },
      {
	"ctor":"patient_",
	"args": [ {"a":"workforalice_2015_41"},  {"a":"alice"} ]
      },
      {
	"ctor":"patient_",
	"args": [ {"a":"workforalice_2015_42"},  {"a":"alice"} ]
      },
      {
	"ctor":"patient_",
	"args": [ {"a":"workforalice_2015_43"},  {"a":"alice"} ]
      },
      {
	"ctor":"patient_",
	"args": [ {"a":"workforalice_2015_44"},  {"a":"alice"} ]
      },
      {
	"ctor":"patient_",
	"args": [ {"a":"workforalice_2015_45"},  {"a":"alice"} ]
      },
      {
	"ctor":"patient_",
	"args": [ {"a":"workforalice_2015_46"},  {"a":"alice"} ]
      },
      {
	"ctor":"patient_",
	"args": [ {"a":"workforalice_2015_47"},  {"a":"alice"} ]
      },
      {
	"ctor":"patient_",
	"args": [ {"a":"workforalice_2015_48"},  {"a":"alice"} ]
      },
      {
	"ctor":"patient_",
	"args": [ {"a":"workforalice_2015_49"},  {"a":"alice"} ]
      },
      {
	"ctor":"patient_",
	"args": [ {"a":"workforalice_2015_50"},  {"a":"alice"} ]
      },
      {
	"ctor":"patient_",
	"args": [ {"a":"workforalice_2015_51"},  {"a":"alice"} ]
      },
      {
	"ctor":"patient_",
	"args": [ {"a":"workforalice_2015_52"},  {"a":"alice"} ]
      },
      {
	"ctor":"patient_",
	"args": [ {"a":"workforalice_2015_53"},  {"a":"alice"} ]
      },
      {
	"ctor":"patient_",
	"args": [ {"a":"workforalice_2015_54"},  {"a":"alice"} ]
      },
      {
	"ctor":"patient_",
	"args": [ {"a":"workforalice_2015_55"},  {"a":"alice"} ]
      },
      {
	"ctor":"patient_",
	"args": [ {"a":"workforalice_2015_56"},  {"a":"alice"} ]
      },
      {
	"ctor":"patient_",
	"args": [ {"a":"workforalice_2015_57"},  {"a":"alice"} ]
      },
      {
	"ctor":"patient_",
	"args": [ {"a":"workforalice_2015_58"},  {"a":"alice"} ]
      },
      {
	"ctor":"patient_",
	"args": [ {"a":"workforalice_2015_59"},  {"a":"alice"} ]
      },
      {
	"ctor":"patient_",
	"args": [ {"a":"workforalice_2015_60"},  {"a":"alice"} ]
      },
      {
	"ctor":"patient_",
	"args": [ {"a":"workforalice_2015_61"},  {"a":"alice"} ]
      },
      {
	"ctor":"patient_",
	"args": [ {"a":"workforalice_2015_62"},  {"a":"alice"} ]
      },
      {
	"ctor":"patient_",
	"args": [ {"a":"workforalice_2015_63"},  {"a":"alice"} ]
      },
      {
	"ctor":"patient_",
	"args": [ {"a":"workforalice_2015_64"},  {"a":"alice"} ]
      },
      {
	"ctor":"patient_",
	"args": [ {"a":"workforalice_2015_65"},  {"a":"alice"} ]
      },
      {
	"ctor":"patient_",
	"args": [ {"a":"workforalice_2015_66"},  {"a":"alice"} ]
      },
      {
	"ctor":"patient_",
	"args": [ {"a":"workforalice_2015_67"},  {"a":"alice"} ]
      },
      {
	"ctor":"patient_",
	"args": [ {"a":"workforalice_2015_68"},  {"a":"alice"} ]
      },
      {
	"ctor":"patient_",
	"args": [ {"a":"workforalice_2015_69"},  {"a":"alice"} ]
      },
      {
	"ctor":"patient_",
	"args": [ {"a":"workforalice_2015_70"},  {"a":"alice"} ]
      },
      {
	"ctor":"patient_",
	"args": [ {"a":"workforalice_2015_71"},  {"a":"alice"} ]
      },
      {
	"ctor":"patient_",
	"args": [ {"a":"workforalice_2015_72"},  {"a":"alice"} ]
      },
      {
	"ctor":"patient_",
	"args": [ {"a":"workforalice_2015_73"},  {"a":"alice"} ]
      },
      {
	"ctor":"patient_",
	"args": [ {"a":"workforalice_2015_74"},  {"a":"alice"} ]
      },
      {
	"ctor":"patient_",
	"args": [ {"a":"workforalice_2015_75"},  {"a":"alice"} ]
      },
      {
	"ctor":"patient_",
	"args": [ {"a":"workforalice_2015_76"},  {"a":"alice"} ]
      },
      {
	"ctor":"patient_",
	"args": [ {"a":"workforalice_2015_77"},  {"a":"alice"} ]
      },
      {
	"ctor":"patient_",
	"args": [ {"a":"workforalice_2015_78"},  {"a":"alice"} ]
      },
      {
	"ctor":"patient_",
	"args": [ {"a":"workforalice_2015_79"},  {"a":"alice"} ]
      },
      {
	"ctor":"patient_",
	"args": [ {"a":"workforalice_2015_80"},  {"a":"alice"} ]
      },
      {
	"ctor":"patient_",
	"args": [ {"a":"workforalice_2015_81"},  {"a":"alice"} ]
      },
      {
	"ctor":"patient_",
	"args": [ {"a":"workforalice_2015_82"},  {"a":"alice"} ]
      },
      {
	"ctor":"patient_",
	"args": [ {"a":"workforalice_2015_83"},  {"a":"alice"} ]
      },
      {
	"ctor":"patient_",
	"args": [ {"a":"workforalice_2015_84"},  {"a":"alice"} ]
      },
      {
	"ctor":"patient_",
	"args": [ {"a":"workforalice_2015_85"},  {"a":"alice"} ]
      },
      {
	"ctor":"patient_",
	"args": [ {"a":"workforalice_2015_86"},  {"a":"alice"} ]
      },
      {
	"ctor":"patient_",
	"args": [ {"a":"workforalice_2015_87"},  {"a":"alice"} ]
      },
      {
	"ctor":"patient_",
	"args": [ {"a":"workforalice_2016_1"},  {"a":"alice"} ]
      },
      {
	"ctor":"patient_",
	"args": [ {"a":"workforalice_2016_2"},  {"a":"alice"} ]
      },
      {
	"ctor":"patient_",
	"args": [ {"a":"workforalice_2016_3"},  {"a":"alice"} ]
      },
      {
	"ctor":"patient_",
	"args": [ {"a":"workforalice_2016_4"},  {"a":"alice"} ]
      },
      {
	"ctor":"patient_",
	"args": [ {"a":"workforalice_2016_5"},  {"a":"alice"} ]
      },
      {
	"ctor":"patient_",
	"args": [ {"a":"workforalice_2016_6"},  {"a":"alice"} ]
      },
      {
	"ctor":"patient_",
	"args": [ {"a":"workforalice_2016_7"},  {"a":"alice"} ]
      },
      {
	"ctor":"patient_",
	"args": [ {"a":"workforalice_2016_8"},  {"a":"alice"} ]
      },
      {
	"ctor":"patient_",
	"args": [ {"a":"workforalice_2016_9"},  {"a":"alice"} ]
      },
      {
	"ctor":"patient_",
	"args": [ {"a":"workforalice_2016_10"},  {"a":"alice"} ]
      },
      {
	"ctor":"patient_",
	"args": [ {"a":"workforalice_2016_11"},  {"a":"alice"} ]
      },
      {
	"ctor":"patient_",
	"args": [ {"a":"workforalice_2016_12"},  {"a":"alice"} ]
      },
      {
	"ctor":"patient_",
	"args": [ {"a":"workforalice_2016_13"},  {"a":"alice"} ]
      },
      {
	"ctor":"patient_",
	"args": [ {"a":"workforalice_2016_14"},  {"a":"alice"} ]
      },
      {
	"ctor":"patient_",
	"args": [ {"a":"workforalice_2016_15"},  {"a":"alice"} ]
      },
      {
	"ctor":"patient_",
	"args": [ {"a":"workforalice_2016_16"},  {"a":"alice"} ]
      },
      {
	"ctor":"patient_",
	"args": [ {"a":"workforalice_2016_17"},  {"a":"alice"} ]
      },
      {
	"ctor":"patient_",
	"args": [ {"a":"workforalice_2016_18"},  {"a":"alice"} ]
      },
      {
	"ctor":"patient_",
	"args": [ {"a":"workforalice_2016_19"},  {"a":"alice"} ]
      },
      {
	"ctor":"patient_",
	"args": [ {"a":"workforalice_2016_20"},  {"a":"alice"} ]
      },
      {
	"ctor":"patient_",
	"args": [ {"a":"workforalice_2016_21"},  {"a":"alice"} ]
      },
      {
	"ctor":"patient_",
	"args": [ {"a":"workforalice_2016_22"},  {"a":"alice"} ]
      },
      {
	"ctor":"patient_",
	"args": [ {"a":"workforalice_2016_23"},  {"a":"alice"} ]
      },
      {
	"ctor":"patient_",
	"args": [ {"a":"workforalice_2016_24"},  {"a":"alice"} ]
      },
      {
	"ctor":"patient_",
	"args": [ {"a":"workforalice_2016_25"},  {"a":"alice"} ]
      },
      {
	"ctor":"patient_",
	"args": [ {"a":"workforalice_2016_26"},  {"a":"alice"} ]
      },
      {
	"ctor":"patient_",
	"args": [ {"a":"workforalice_2016_27"},  {"a":"alice"} ]
      },
      {
	"ctor":"patient_",
	"args": [ {"a":"workforalice_2016_28"},  {"a":"alice"} ]
      },
      {
	"ctor":"patient_",
	"args": [ {"a":"workforalice_2016_29"},  {"a":"alice"} ]
      },
      {
	"ctor":"patient_",
	"args": [ {"a":"workforalice_2016_30"},  {"a":"alice"} ]
      },
      {
	"ctor":"patient_",
	"args": [ {"a":"workforalice_2016_31"},  {"a":"alice"} ]
      },
      {
	"ctor":"patient_",
	"args": [ {"a":"workforalice_2016_32"},  {"a":"alice"} ]
      },
      {
	"ctor":"patient_",
	"args": [ {"a":"workforalice_2016_33"},  {"a":"alice"} ]
      },
      {
	"ctor":"patient_",
	"args": [ {"a":"workforalice_2016_34"},  {"a":"alice"} ]
      },
      {
	"ctor":"patient_",
	"args": [ {"a":"workforalice_2016_35"},  {"a":"alice"} ]
      },
      {
	"ctor":"patient_",
	"args": [ {"a":"workforalice_2016_36"},  {"a":"alice"} ]
      },
      {
	"ctor":"patient_",
	"args": [ {"a":"workforalice_2016_37"},  {"a":"alice"} ]
      },
      {
	"ctor":"patient_",
	"args": [ {"a":"workforalice_2016_38"},  {"a":"alice"} ]
      },
      {
	"ctor":"patient_",
	"args": [ {"a":"workforalice_2016_39"},  {"a":"alice"} ]
      },
      {
	"ctor":"patient_",
	"args": [ {"a":"workforalice_2016_40"},  {"a":"alice"} ]
      },
      {
	"ctor":"patient_",
	"args": [ {"a":"workforalice_2016_41"},  {"a":"alice"} ]
      },
      {
	"ctor":"patient_",
	"args": [ {"a":"workforalice_2016_42"},  {"a":"alice"} ]
      },
      {
	"ctor":"patient_",
	"args": [ {"a":"workforalice_2016_43"},  {"a":"alice"} ]
      },
      {
	"ctor":"patient_",
	"args": [ {"a":"workforalice_2016_44"},  {"a":"alice"} ]
      },
      {
	"ctor":"patient_",
	"args": [ {"a":"workforalice_2016_45"},  {"a":"alice"} ]
      },
      {
	"ctor":"patient_",
	"args": [ {"a":"workforalice_2016_46"},  {"a":"alice"} ]
      },
      {
	"ctor":"patient_",
	"args": [ {"a":"workforalice_2016_47"},  {"a":"alice"} ]
      },
      {
	"ctor":"patient_",
	"args": [ {"a":"workforalice_2016_48"},  {"a":"alice"} ]
      },
      {
	"ctor":"patient_",
	"args": [ {"a":"workforalice_2016_49"},  {"a":"alice"} ]
      },
      {
	"ctor":"patient_",
	"args": [ {"a":"workforalice_2016_50"},  {"a":"alice"} ]
      },
      {
	"ctor":"patient_",
	"args": [ {"a":"workforalice_2016_51"},  {"a":"alice"} ]
      },
      {
	"ctor":"patient_",
	"args": [ {"a":"workforalice_2016_52"},  {"a":"alice"} ]
      },
      {
	"ctor":"patient_",
	"args": [ {"a":"workforalice_2016_53"},  {"a":"alice"} ]
      },
      {
	"ctor":"patient_",
	"args": [ {"a":"workforalice_2016_54"},  {"a":"alice"} ]
      },
      {
	"ctor":"patient_",
	"args": [ {"a":"workforalice_2016_55"},  {"a":"alice"} ]
      },
      {
	"ctor":"patient_",
	"args": [ {"a":"workforalice_2016_56"},  {"a":"alice"} ]
      },
      {
	"ctor":"patient_",
	"args": [ {"a":"workforalice_2016_57"},  {"a":"alice"} ]
      },
      {
	"ctor":"patient_",
	"args": [ {"a":"workforalice_2016_58"},  {"a":"alice"} ]
      },
      {
	"ctor":"patient_",
	"args": [ {"a":"workforalice_2016_59"},  {"a":"alice"} ]
      },
      {
	"ctor":"patient_",
	"args": [ {"a":"workforalice_2016_60"},  {"a":"alice"} ]
      },
      {
	"ctor":"patient_",
	"args": [ {"a":"workforalice_2016_61"},  {"a":"alice"} ]
      },
      {
	"ctor":"patient_",
	"args": [ {"a":"workforalice_2016_62"},  {"a":"alice"} ]
      },
      {
	"ctor":"patient_",
	"args": [ {"a":"workforalice_2016_63"},  {"a":"alice"} ]
      },
      {
	"ctor":"patient_",
	"args": [ {"a":"workforalice_2016_64"},  {"a":"alice"} ]
      },
      {
	"ctor":"patient_",
	"args": [ {"a":"workforalice_2016_65"},  {"a":"alice"} ]
      },
      {
	"ctor":"patient_",
	"args": [ {"a":"workforalice_2016_66"},  {"a":"alice"} ]
      },
      {
	"ctor":"patient_",
	"args": [ {"a":"workforalice_2016_67"},  {"a":"alice"} ]
      },
      {
	"ctor":"patient_",
	"args": [ {"a":"workforalice_2016_68"},  {"a":"alice"} ]
      },
      {
	"ctor":"patient_",
	"args": [ {"a":"workforalice_2016_69"},  {"a":"alice"} ]
      },
      {
	"ctor":"patient_",
	"args": [ {"a":"workforalice_2016_70"},  {"a":"alice"} ]
      },
      {
	"ctor":"start_",
	"args": [ {"a":"workforalice_2015_1"}, "2015-01-01" ]
      },
      {
	"ctor":"start_",
	"args": [ {"a":"workforalice_2015_2"}, "2015-01-01" ]
      },
      {
	"ctor":"start_",
	"args": [ {"a":"workforalice_2015_3"}, "2015-01-01" ]
      },
      {
	"ctor":"start_",
	"args": [ {"a":"workforalice_2015_4"}, "2015-01-01" ]
      },
      {
	"ctor":"start_",
	"args": [ {"a":"workforalice_2015_5"}, "2015-01-01" ]
      },
      {
	"ctor":"start_",
	"args": [ {"a":"workforalice_2015_6"}, "2015-01-01" ]
      },
      {
	"ctor":"start_",
	"args": [ {"a":"workforalice_2015_7"}, "2015-01-01" ]
      },
      {
	"ctor":"start_",
	"args": [ {"a":"workforalice_2015_8"}, "2015-01-01" ]
      },
      {
	"ctor":"start_",
	"args": [ {"a":"workforalice_2015_9"}, "2015-01-01" ]
      },
      {
	"ctor":"start_",
	"args": [ {"a":"workforalice_2015_10"}, "2015-01-01" ]
      },
      {
	"ctor":"start_",
	"args": [ {"a":"workforalice_2015_11"}, "2015-01-01" ]
      },
      {
	"ctor":"start_",
	"args": [ {"a":"workforalice_2015_12"}, "2015-01-01" ]
      },
      {
	"ctor":"start_",
	"args": [ {"a":"workforalice_2015_13"}, "2015-01-01" ]
      },
      {
	"ctor":"start_",
	"args": [ {"a":"workforalice_2015_14"}, "2015-01-01" ]
      },
      {
	"ctor":"start_",
	"args": [ {"a":"workforalice_2015_15"}, "2015-01-01" ]
      },
      {
	"ctor":"start_",
	"args": [ {"a":"workforalice_2015_16"}, "2015-01-01" ]
      },
      {
	"ctor":"start_",
	"args": [ {"a":"workforalice_2015_17"}, "2015-01-01" ]
      },
      {
	"ctor":"start_",
	"args": [ {"a":"workforalice_2015_18"}, "2015-01-01" ]
      },
      {
	"ctor":"start_",
	"args": [ {"a":"workforalice_2015_19"}, "2015-01-01" ]
      },
      {
	"ctor":"start_",
	"args": [ {"a":"workforalice_2015_20"}, "2015-01-01" ]
      },
      {
	"ctor":"start_",
	"args": [ {"a":"workforalice_2015_21"}, "2015-01-01" ]
      },
      {
	"ctor":"start_",
	"args": [ {"a":"workforalice_2015_22"}, "2015-01-01" ]
      },
      {
	"ctor":"start_",
	"args": [ {"a":"workforalice_2015_23"}, "2015-01-01" ]
      },
      {
	"ctor":"start_",
	"args": [ {"a":"workforalice_2015_24"}, "2015-01-01" ]
      },
      {
	"ctor":"start_",
	"args": [ {"a":"workforalice_2015_25"}, "2015-01-01" ]
      },
      {
	"ctor":"start_",
	"args": [ {"a":"workforalice_2015_26"}, "2015-01-01" ]
      },
      {
	"ctor":"start_",
	"args": [ {"a":"workforalice_2015_27"}, "2015-01-01" ]
      },
      {
	"ctor":"start_",
	"args": [ {"a":"workforalice_2015_28"}, "2015-01-01" ]
      },
      {
	"ctor":"start_",
	"args": [ {"a":"workforalice_2015_29"}, "2015-01-01" ]
      },
      {
	"ctor":"start_",
	"args": [ {"a":"workforalice_2015_30"}, "2015-01-01" ]
      },
      {
	"ctor":"start_",
	"args": [ {"a":"workforalice_2015_31"}, "2015-01-01" ]
      },
      {
	"ctor":"start_",
	"args": [ {"a":"workforalice_2015_32"}, "2015-01-01" ]
      },
      {
	"ctor":"start_",
	"args": [ {"a":"workforalice_2015_33"}, "2015-01-01" ]
      },
      {
	"ctor":"start_",
	"args": [ {"a":"workforalice_2015_34"}, "2015-01-01" ]
      },
      {
	"ctor":"start_",
	"args": [ {"a":"workforalice_2015_35"}, "2015-01-01" ]
      },
      {
	"ctor":"start_",
	"args": [ {"a":"workforalice_2015_36"}, "2015-01-01" ]
      },
      {
	"ctor":"start_",
	"args": [ {"a":"workforalice_2015_37"}, "2015-01-01" ]
      },
      {
	"ctor":"start_",
	"args": [ {"a":"workforalice_2015_38"}, "2015-01-01" ]
      },
      {
	"ctor":"start_",
	"args": [ {"a":"workforalice_2015_39"}, "2015-01-01" ]
      },
      {
	"ctor":"start_",
	"args": [ {"a":"workforalice_2015_40"}, "2015-01-01" ]
      },
      {
	"ctor":"start_",
	"args": [ {"a":"workforalice_2015_41"}, "2015-01-01" ]
      },
      {
	"ctor":"start_",
	"args": [ {"a":"workforalice_2015_42"}, "2015-01-01" ]
      },
      {
	"ctor":"start_",
	"args": [ {"a":"workforalice_2015_43"}, "2015-01-01" ]
      },
      {
	"ctor":"start_",
	"args": [ {"a":"workforalice_2015_44"}, "2015-01-01" ]
      },
      {
	"ctor":"start_",
	"args": [ {"a":"workforalice_2015_45"}, "2015-01-01" ]
      },
      {
	"ctor":"start_",
	"args": [ {"a":"workforalice_2015_46"}, "2015-01-01" ]
      },
      {
	"ctor":"start_",
	"args": [ {"a":"workforalice_2015_47"}, "2015-01-01" ]
      },
      {
	"ctor":"start_",
	"args": [ {"a":"workforalice_2015_48"}, "2015-01-01" ]
      },
      {
	"ctor":"start_",
	"args": [ {"a":"workforalice_2015_49"}, "2015-01-01" ]
      },
      {
	"ctor":"start_",
	"args": [ {"a":"workforalice_2015_50"}, "2015-01-01" ]
      },
      {
	"ctor":"start_",
	"args": [ {"a":"workforalice_2015_51"}, "2015-01-01" ]
      },
      {
	"ctor":"start_",
	"args": [ {"a":"workforalice_2015_52"}, "2015-01-01" ]
      },
      {
	"ctor":"start_",
	"args": [ {"a":"workforalice_2015_53"}, "2015-01-01" ]
      },
      {
	"ctor":"start_",
	"args": [ {"a":"workforalice_2015_54"}, "2015-01-01" ]
      },
      {
	"ctor":"start_",
	"args": [ {"a":"workforalice_2015_55"}, "2015-01-01" ]
      },
      {
	"ctor":"start_",
	"args": [ {"a":"workforalice_2015_56"}, "2015-01-01" ]
      },
      {
	"ctor":"start_",
	"args": [ {"a":"workforalice_2015_57"}, "2015-01-01" ]
      },
      {
	"ctor":"start_",
	"args": [ {"a":"workforalice_2015_58"}, "2015-01-01" ]
      },
      {
	"ctor":"start_",
	"args": [ {"a":"workforalice_2015_59"}, "2015-01-01" ]
      },
      {
	"ctor":"start_",
	"args": [ {"a":"workforalice_2015_60"}, "2015-01-01" ]
      },
      {
	"ctor":"start_",
	"args": [ {"a":"workforalice_2015_61"}, "2015-01-01" ]
      },
      {
	"ctor":"start_",
	"args": [ {"a":"workforalice_2015_62"}, "2015-01-01" ]
      },
      {
	"ctor":"start_",
	"args": [ {"a":"workforalice_2015_63"}, "2015-01-01" ]
      },
      {
	"ctor":"start_",
	"args": [ {"a":"workforalice_2015_64"}, "2015-01-01" ]
      },
      {
	"ctor":"start_",
	"args": [ {"a":"workforalice_2015_65"}, "2015-01-01" ]
      },
      {
	"ctor":"start_",
	"args": [ {"a":"workforalice_2015_66"}, "2015-01-01" ]
      },
      {
	"ctor":"start_",
	"args": [ {"a":"workforalice_2015_67"}, "2015-01-01" ]
      },
      {
	"ctor":"start_",
	"args": [ {"a":"workforalice_2015_68"}, "2015-01-01" ]
      },
      {
	"ctor":"start_",
	"args": [ {"a":"workforalice_2015_69"}, "2015-01-01" ]
      },
      {
	"ctor":"start_",
	"args": [ {"a":"workforalice_2015_70"}, "2015-01-01" ]
      },
      {
	"ctor":"start_",
	"args": [ {"a":"workforalice_2015_71"}, "2015-01-01" ]
      },
      {
	"ctor":"start_",
	"args": [ {"a":"workforalice_2015_72"}, "2015-01-01" ]
      },
      {
	"ctor":"start_",
	"args": [ {"a":"workforalice_2015_73"}, "2015-01-01" ]
      },
      {
	"ctor":"start_",
	"args": [ {"a":"workforalice_2015_74"}, "2015-01-01" ]
      },
      {
	"ctor":"start_",
	"args": [ {"a":"workforalice_2015_75"}, "2015-01-01" ]
      },
      {
	"ctor":"start_",
	"args": [ {"a":"workforalice_2015_76"}, "2015-01-01" ]
      },
      {
	"ctor":"start_",
	"args": [ {"a":"workforalice_2015_77"}, "2015-01-01" ]
      },
      {
	"ctor":"start_",
	"args": [ {"a":"workforalice_2015_78"}, "2015-01-01" ]
      },
      {
	"ctor":"start_",
	"args": [ {"a":"workforalice_2015_79"}, "2015-01-01" ]
      },
      {
	"ctor":"start_",
	"args": [ {"a":"workforalice_2015_80"}, "2015-01-01" ]
      },
      {
	"ctor":"start_",
	"args": [ {"a":"workforalice_2015_81"}, "2015-01-01" ]
      },
      {
	"ctor":"start_",
	"args": [ {"a":"workforalice_2015_82"}, "2015-01-01" ]
      },
      {
	"ctor":"start_",
	"args": [ {"a":"workforalice_2015_83"}, "2015-01-01" ]
      },
      {
	"ctor":"start_",
	"args": [ {"a":"workforalice_2015_84"}, "2015-01-01" ]
      },
      {
	"ctor":"start_",
	"args": [ {"a":"workforalice_2015_85"}, "2015-01-01" ]
      },
      {
	"ctor":"start_",
	"args": [ {"a":"workforalice_2015_86"}, "2015-01-01" ]
      },
      {
	"ctor":"start_",
	"args": [ {"a":"workforalice_2015_87"}, "2015-01-01" ]
      },
      {
	"ctor":"end_",
	"args": [ {"a":"workforalice_2015_1"}, "2015-12-31" ]
      },
      {
	"ctor":"end_",
	"args": [ {"a":"workforalice_2015_2"}, "2015-12-31" ]
      },
      {
	"ctor":"end_",
	"args": [ {"a":"workforalice_2015_3"}, "2015-12-31" ]
      },
      {
	"ctor":"end_",
	"args": [ {"a":"workforalice_2015_4"}, "2015-12-31" ]
      },
      {
	"ctor":"end_",
	"args": [ {"a":"workforalice_2015_5"}, "2015-12-31" ]
      },
      {
	"ctor":"end_",
	"args": [ {"a":"workforalice_2015_6"}, "2015-12-31" ]
      },
      {
	"ctor":"end_",
	"args": [ {"a":"workforalice_2015_7"}, "2015-12-31" ]
      },
      {
	"ctor":"end_",
	"args": [ {"a":"workforalice_2015_8"}, "2015-12-31" ]
      },
      {
	"ctor":"end_",
	"args": [ {"a":"workforalice_2015_9"}, "2015-12-31" ]
      },
      {
	"ctor":"end_",
	"args": [ {"a":"workforalice_2015_10"}, "2015-12-31" ]
      },
      {
	"ctor":"end_",
	"args": [ {"a":"workforalice_2015_11"}, "2015-12-31" ]
      },
      {
	"ctor":"end_",
	"args": [ {"a":"workforalice_2015_12"}, "2015-12-31" ]
      },
      {
	"ctor":"end_",
	"args": [ {"a":"workforalice_2015_13"}, "2015-12-31" ]
      },
      {
	"ctor":"end_",
	"args": [ {"a":"workforalice_2015_14"}, "2015-12-31" ]
      },
      {
	"ctor":"end_",
	"args": [ {"a":"workforalice_2015_15"}, "2015-12-31" ]
      },
      {
	"ctor":"end_",
	"args": [ {"a":"workforalice_2015_16"}, "2015-12-31" ]
      },
      {
	"ctor":"end_",
	"args": [ {"a":"workforalice_2015_17"}, "2015-12-31" ]
      },
      {
	"ctor":"end_",
	"args": [ {"a":"workforalice_2015_18"}, "2015-12-31" ]
      },
      {
	"ctor":"end_",
	"args": [ {"a":"workforalice_2015_19"}, "2015-12-31" ]
      },
      {
	"ctor":"end_",
	"args": [ {"a":"workforalice_2015_20"}, "2015-12-31" ]
      },
      {
	"ctor":"end_",
	"args": [ {"a":"workforalice_2015_21"}, "2015-12-31" ]
      },
      {
	"ctor":"end_",
	"args": [ {"a":"workforalice_2015_22"}, "2015-12-31" ]
      },
      {
	"ctor":"end_",
	"args": [ {"a":"workforalice_2015_23"}, "2015-12-31" ]
      },
      {
	"ctor":"end_",
	"args": [ {"a":"workforalice_2015_24"}, "2015-12-31" ]
      },
      {
	"ctor":"end_",
	"args": [ {"a":"workforalice_2015_25"}, "2015-12-31" ]
      },
      {
	"ctor":"end_",
	"args": [ {"a":"workforalice_2015_26"}, "2015-12-31" ]
      },
      {
	"ctor":"end_",
	"args": [ {"a":"workforalice_2015_27"}, "2015-12-31" ]
      },
      {
	"ctor":"end_",
	"args": [ {"a":"workforalice_2015_28"}, "2015-12-31" ]
      },
      {
	"ctor":"end_",
	"args": [ {"a":"workforalice_2015_29"}, "2015-12-31" ]
      },
      {
	"ctor":"end_",
	"args": [ {"a":"workforalice_2015_30"}, "2015-12-31" ]
      },
      {
	"ctor":"end_",
	"args": [ {"a":"workforalice_2015_31"}, "2015-12-31" ]
      },
      {
	"ctor":"end_",
	"args": [ {"a":"workforalice_2015_32"}, "2015-12-31" ]
      },
      {
	"ctor":"end_",
	"args": [ {"a":"workforalice_2015_33"}, "2015-12-31" ]
      },
      {
	"ctor":"end_",
	"args": [ {"a":"workforalice_2015_34"}, "2015-12-31" ]
      },
      {
	"ctor":"end_",
	"args": [ {"a":"workforalice_2015_35"}, "2015-12-31" ]
      },
      {
	"ctor":"end_",
	"args": [ {"a":"workforalice_2015_36"}, "2015-12-31" ]
      },
      {
	"ctor":"end_",
	"args": [ {"a":"workforalice_2015_37"}, "2015-12-31" ]
      },
      {
	"ctor":"end_",
	"args": [ {"a":"workforalice_2015_38"}, "2015-12-31" ]
      },
      {
	"ctor":"end_",
	"args": [ {"a":"workforalice_2015_39"}, "2015-12-31" ]
      },
      {
	"ctor":"end_",
	"args": [ {"a":"workforalice_2015_40"}, "2015-12-31" ]
      },
      {
	"ctor":"end_",
	"args": [ {"a":"workforalice_2015_41"}, "2015-12-31" ]
      },
      {
	"ctor":"end_",
	"args": [ {"a":"workforalice_2015_42"}, "2015-12-31" ]
      },
      {
	"ctor":"end_",
	"args": [ {"a":"workforalice_2015_43"}, "2015-12-31" ]
      },
      {
	"ctor":"end_",
	"args": [ {"a":"workforalice_2015_44"}, "2015-12-31" ]
      },
      {
	"ctor":"end_",
	"args": [ {"a":"workforalice_2015_45"}, "2015-12-31" ]
      },
      {
	"ctor":"end_",
	"args": [ {"a":"workforalice_2015_46"}, "2015-12-31" ]
      },
      {
	"ctor":"end_",
	"args": [ {"a":"workforalice_2015_47"}, "2015-12-31" ]
      },
      {
	"ctor":"end_",
	"args": [ {"a":"workforalice_2015_48"}, "2015-12-31" ]
      },
      {
	"ctor":"end_",
	"args": [ {"a":"workforalice_2015_49"}, "2015-12-31" ]
      },
      {
	"ctor":"end_",
	"args": [ {"a":"workforalice_2015_50"}, "2015-12-31" ]
      },
      {
	"ctor":"end_",
	"args": [ {"a":"workforalice_2015_51"}, "2015-12-31" ]
      },
      {
	"ctor":"end_",
	"args": [ {"a":"workforalice_2015_52"}, "2015-12-31" ]
      },
      {
	"ctor":"end_",
	"args": [ {"a":"workforalice_2015_53"}, "2015-12-31" ]
      },
      {
	"ctor":"end_",
	"args": [ {"a":"workforalice_2015_54"}, "2015-12-31" ]
      },
      {
	"ctor":"end_",
	"args": [ {"a":"workforalice_2015_55"}, "2015-12-31" ]
      },
      {
	"ctor":"end_",
	"args": [ {"a":"workforalice_2015_56"}, "2015-12-31" ]
      },
      {
	"ctor":"end_",
	"args": [ {"a":"workforalice_2015_57"}, "2015-12-31" ]
      },
      {
	"ctor":"end_",
	"args": [ {"a":"workforalice_2015_58"}, "2015-12-31" ]
      },
      {
	"ctor":"end_",
	"args": [ {"a":"workforalice_2015_59"}, "2015-12-31" ]
      },
      {
	"ctor":"end_",
	"args": [ {"a":"workforalice_2015_60"}, "2015-12-31" ]
      },
      {
	"ctor":"end_",
	"args": [ {"a":"workforalice_2015_61"}, "2015-12-31" ]
      },
      {
	"ctor":"end_",
	"args": [ {"a":"workforalice_2015_62"}, "2015-12-31" ]
      },
      {
	"ctor":"end_",
	"args": [ {"a":"workforalice_2015_63"}, "2015-12-31" ]
      },
      {
	"ctor":"end_",
	"args": [ {"a":"workforalice_2015_64"}, "2015-12-31" ]
      },
      {
	"ctor":"end_",
	"args": [ {"a":"workforalice_2015_65"}, "2015-12-31" ]
      },
      {
	"ctor":"end_",
	"args": [ {"a":"workforalice_2015_66"}, "2015-12-31" ]
      },
      {
	"ctor":"end_",
	"args": [ {"a":"workforalice_2015_67"}, "2015-12-31" ]
      },
      {
	"ctor":"end_",
	"args": [ {"a":"workforalice_2015_68"}, "2015-12-31" ]
      },
      {
	"ctor":"end_",
	"args": [ {"a":"workforalice_2015_69"}, "2015-12-31" ]
      },
      {
	"ctor":"end_",
	"args": [ {"a":"workforalice_2015_70"}, "2015-12-31" ]
      },
      {
	"ctor":"end_",
	"args": [ {"a":"workforalice_2015_71"}, "2015-12-31" ]
      },
      {
	"ctor":"end_",
	"args": [ {"a":"workforalice_2015_72"}, "2015-12-31" ]
      },
      {
	"ctor":"end_",
	"args": [ {"a":"workforalice_2015_73"}, "2015-12-31" ]
      },
      {
	"ctor":"end_",
	"args": [ {"a":"workforalice_2015_74"}, "2015-12-31" ]
      },
      {
	"ctor":"end_",
	"args": [ {"a":"workforalice_2015_75"}, "2015-12-31" ]
      },
      {
	"ctor":"end_",
	"args": [ {"a":"workforalice_2015_76"}, "2015-12-31" ]
      },
      {
	"ctor":"end_",
	"args": [ {"a":"workforalice_2015_77"}, "2015-12-31" ]
      },
      {
	"ctor":"end_",
	"args": [ {"a":"workforalice_2015_78"}, "2015-12-31" ]
      },
      {
	"ctor":"end_",
	"args": [ {"a":"workforalice_2015_79"}, "2015-12-31" ]
      },
      {
	"ctor":"end_",
	"args": [ {"a":"workforalice_2015_80"}, "2015-12-31" ]
      },
      {
	"ctor":"end_",
	"args": [ {"a":"workforalice_2015_81"}, "2015-12-31" ]
      },
      {
	"ctor":"end_",
	"args": [ {"a":"workforalice_2015_82"}, "2015-12-31" ]
      },
      {
	"ctor":"end_",
	"args": [ {"a":"workforalice_2015_83"}, "2015-12-31" ]
      },
      {
	"ctor":"end_",
	"args": [ {"a":"workforalice_2015_84"}, "2015-12-31" ]
      },
      {
	"ctor":"end_",
	"args": [ {"a":"workforalice_2015_85"}, "2015-12-31" ]
      },
      {
	"ctor":"end_",
	"args": [ {"a":"workforalice_2015_86"}, "2015-12-31" ]
      },
      {
	"ctor":"end_",
	"args": [ {"a":"workforalice_2015_87"}, "2015-12-31" ]
      },
      {"ctor":"payment_", "args": [ {"a":"payment_2015_1"} ]},
      {"ctor":"payment_", "args": [ {"a":"payment_2015_2"} ]},
      {"ctor":"payment_", "args": [ {"a":"payment_2015_3"} ]},
      {"ctor":"payment_", "args": [ {"a":"payment_2015_4"} ]},
      {"ctor":"payment_", "args": [ {"a":"payment_2015_5"} ]},
      {"ctor":"payment_", "args": [ {"a":"payment_2015_6"} ]},
      {"ctor":"payment_", "args": [ {"a":"payment_2015_7"} ]},
      {"ctor":"payment_", "args": [ {"a":"payment_2015_8"} ]},
      {"ctor":"payment_", "args": [ {"a":"payment_2015_9"} ]},
      {"ctor":"payment_", "args": [ {"a":"payment_2015_10"} ]},
      {"ctor":"payment_", "args": [ {"a":"payment_2015_11"} ]},
      {"ctor":"payment_", "args": [ {"a":"payment_2015_12"} ]},
      {"ctor":"payment_", "args": [ {"a":"payment_2015_13"} ]},
      {"ctor":"payment_", "args": [ {"a":"payment_2015_14"} ]},
      {"ctor":"payment_", "args": [ {"a":"payment_2015_15"} ]},
      {"ctor":"payment_", "args": [ {"a":"payment_2015_16"} ]},
      {"ctor":"payment_", "args": [ {"a":"payment_2015_17"} ]},
      {"ctor":"payment_", "args": [ {"a":"payment_2015_18"} ]},
      {"ctor":"payment_", "args": [ {"a":"payment_2015_19"} ]},
      {"ctor":"payment_", "args": [ {"a":"payment_2015_20"} ]},
      {"ctor":"payment_", "args": [ {"a":"payment_2015_21"} ]},
      {"ctor":"payment_", "args": [ {"a":"payment_2015_22"} ]},
      {"ctor":"payment_", "args": [ {"a":"payment_2015_23"} ]},
      {"ctor":"payment_", "args": [ {"a":"payment_2015_24"} ]},
      {"ctor":"payment_", "args": [ {"a":"payment_2015_25"} ]},
      {"ctor":"payment_", "args": [ {"a":"payment_2015_26"} ]},
      {"ctor":"payment_", "args": [ {"a":"payment_2015_27"} ]},
      {"ctor":"payment_", "args": [ {"a":"payment_2015_28"} ]},
      {"ctor":"payment_", "args": [ {"a":"payment_2015_29"} ]},
      {"ctor":"payment_", "args": [ {"a":"payment_2015_30"} ]},
      {"ctor":"payment_", "args": [ {"a":"payment_2015_31"} ]},
      {"ctor":"payment_", "args": [ {"a":"payment_2015_32"} ]},
      {"ctor":"payment_", "args": [ {"a":"payment_2015_33"} ]},
      {"ctor":"payment_", "args": [ {"a":"payment_2015_34"} ]},
      {"ctor":"payment_", "args": [ {"a":"payment_2015_35"} ]},
      {"ctor":"payment_", "args": [ {"a":"payment_2015_36"} ]},
      {"ctor":"payment_", "args": [ {"a":"payment_2015_37"} ]},
      {"ctor":"payment_", "args": [ {"a":"payment_2015_38"} ]},
      {"ctor":"payment_", "args": [ {"a":"payment_2015_39"} ]},
      {"ctor":"payment_", "args": [ {"a":"payment_2015_40"} ]},
      {"ctor":"payment_", "args": [ {"a":"payment_2015_41"} ]},
      {"ctor":"payment_", "args": [ {"a":"payment_2015_42"} ]},
      {"ctor":"payment_", "args": [ {"a":"payment_2015_43"} ]},
      {"ctor":"payment_", "args": [ {"a":"payment_2015_44"} ]},
      {"ctor":"payment_", "args": [ {"a":"payment_2015_45"} ]},
      {"ctor":"payment_", "args": [ {"a":"payment_2015_46"} ]},
      {"ctor":"payment_", "args": [ {"a":"payment_2015_47"} ]},
      {"ctor":"payment_", "args": [ {"a":"payment_2015_48"} ]},
      {"ctor":"payment_", "args": [ {"a":"payment_2015_49"} ]},
      {"ctor":"payment_", "args": [ {"a":"payment_2015_50"} ]},
      {"ctor":"payment_", "args": [ {"a":"payment_2015_51"} ]},
      {"ctor":"payment_", "args": [ {"a":"payment_2015_52"} ]},
      {"ctor":"payment_", "args": [ {"a":"payment_2015_53"} ]},
      {"ctor":"payment_", "args": [ {"a":"payment_2015_54"} ]},
      {"ctor":"payment_", "args": [ {"a":"payment_2015_55"} ]},
      {"ctor":"payment_", "args": [ {"a":"payment_2015_56"} ]},
      {"ctor":"payment_", "args": [ {"a":"payment_2015_57"} ]},
      {"ctor":"payment_", "args": [ {"a":"payment_2015_58"} ]},
      {"ctor":"payment_", "args": [ {"a":"payment_2015_59"} ]},
      {"ctor":"payment_", "args": [ {"a":"payment_2015_60"} ]},
      {"ctor":"payment_", "args": [ {"a":"payment_2015_61"} ]},
      {"ctor":"payment_", "args": [ {"a":"payment_2015_62"} ]},
      {"ctor":"payment_", "args": [ {"a":"payment_2015_63"} ]},
      {"ctor":"payment_", "args": [ {"a":"payment_2015_64"} ]},
      {"ctor":"payment_", "args": [ {"a":"payment_2015_65"} ]},
      {"ctor":"payment_", "args": [ {"a":"payment_2015_66"} ]},
      {"ctor":"payment_", "args": [ {"a":"payment_2015_67"} ]},
      {"ctor":"payment_", "args": [ {"a":"payment_2015_68"} ]},
      {"ctor":"payment_", "args": [ {"a":"payment_2015_69"} ]},
      {"ctor":"payment_", "args": [ {"a":"payment_2015_70"} ]},
      {"ctor":"payment_", "args": [ {"a":"payment_2015_71"} ]},
      {"ctor":"payment_", "args": [ {"a":"payment_2015_72"} ]},
      {"ctor":"payment_", "args": [ {"a":"payment_2015_73"} ]},
      {"ctor":"payment_", "args": [ {"a":"payment_2015_74"} ]},
      {"ctor":"payment_", "args": [ {"a":"payment_2015_75"} ]},
      {"ctor":"payment_", "args": [ {"a":"payment_2015_76"} ]},
      {"ctor":"payment_", "args": [ {"a":"payment_2015_77"} ]},
      {"ctor":"payment_", "args": [ {"a":"payment_2015_78"} ]},
      {"ctor":"payment_", "args": [ {"a":"payment_2015_79"} ]},
      {"ctor":"payment_", "args": [ {"a":"payment_2015_80"} ]},
      {"ctor":"payment_", "args": [ {"a":"payment_2015_81"} ]},
      {"ctor":"payment_", "args": [ {"a":"payment_2015_82"} ]},
      {"ctor":"payment_", "args": [ {"a":"payment_2015_83"} ]},
      {"ctor":"payment_", "args": [ {"a":"payment_2015_84"} ]},
      {"ctor":"payment_", "args": [ {"a":"payment_2015_85"} ]},
      {"ctor":"payment_", "args": [ {"a":"payment_2015_86"} ]},
      {"ctor":"payment_", "args": [ {"a":"payment_2015_87"} ]},
      {
	"ctor":"agent_",
	"args": [ {"a":"payment_2015_1"},  {"a":"alice"} ]
      },
      {
	"ctor":"agent_",
	"args": [ {"a":"payment_2015_2"},  {"a":"alice"} ]
      },
      {
	"ctor":"agent_",
	"args": [ {"a":"payment_2015_3"},  {"a":"alice"} ]
      },
      {
	"ctor":"agent_",
	"args": [ {"a":"payment_2015_4"},  {"a":"alice"} ]
      },
      {
	"ctor":"agent_",
	"args": [ {"a":"payment_2015_5"},  {"a":"alice"} ]
      },
      {
	"ctor":"agent_",
	"args": [ {"a":"payment_2015_6"},  {"a":"alice"} ]
      },
      {
	"ctor":"agent_",
	"args": [ {"a":"payment_2015_7"},  {"a":"alice"} ]
      },
      {
	"ctor":"agent_",
	"args": [ {"a":"payment_2015_8"},  {"a":"alice"} ]
      },
      {
	"ctor":"agent_",
	"args": [ {"a":"payment_2015_9"},  {"a":"alice"} ]
      },
      {
	"ctor":"agent_",
	"args": [ {"a":"payment_2015_10"},  {"a":"alice"} ]
      },
      {
	"ctor":"agent_",
	"args": [ {"a":"payment_2015_11"},  {"a":"alice"} ]
      },
      {
	"ctor":"agent_",
	"args": [ {"a":"payment_2015_12"},  {"a":"alice"} ]
      },
      {
	"ctor":"agent_",
	"args": [ {"a":"payment_2015_13"},  {"a":"alice"} ]
      },
      {
	"ctor":"agent_",
	"args": [ {"a":"payment_2015_14"},  {"a":"alice"} ]
      },
      {
	"ctor":"agent_",
	"args": [ {"a":"payment_2015_15"},  {"a":"alice"} ]
      },
      {
	"ctor":"agent_",
	"args": [ {"a":"payment_2015_16"},  {"a":"alice"} ]
      },
      {
	"ctor":"agent_",
	"args": [ {"a":"payment_2015_17"},  {"a":"alice"} ]
      },
      {
	"ctor":"agent_",
	"args": [ {"a":"payment_2015_18"},  {"a":"alice"} ]
      },
      {
	"ctor":"agent_",
	"args": [ {"a":"payment_2015_19"},  {"a":"alice"} ]
      },
      {
	"ctor":"agent_",
	"args": [ {"a":"payment_2015_20"},  {"a":"alice"} ]
      },
      {
	"ctor":"agent_",
	"args": [ {"a":"payment_2015_21"},  {"a":"alice"} ]
      },
      {
	"ctor":"agent_",
	"args": [ {"a":"payment_2015_22"},  {"a":"alice"} ]
      },
      {
	"ctor":"agent_",
	"args": [ {"a":"payment_2015_23"},  {"a":"alice"} ]
      },
      {
	"ctor":"agent_",
	"args": [ {"a":"payment_2015_24"},  {"a":"alice"} ]
      },
      {
	"ctor":"agent_",
	"args": [ {"a":"payment_2015_25"},  {"a":"alice"} ]
      },
      {
	"ctor":"agent_",
	"args": [ {"a":"payment_2015_26"},  {"a":"alice"} ]
      },
      {
	"ctor":"agent_",
	"args": [ {"a":"payment_2015_27"},  {"a":"alice"} ]
      },
      {
	"ctor":"agent_",
	"args": [ {"a":"payment_2015_28"},  {"a":"alice"} ]
      },
      {
	"ctor":"agent_",
	"args": [ {"a":"payment_2015_29"},  {"a":"alice"} ]
      },
      {
	"ctor":"agent_",
	"args": [ {"a":"payment_2015_30"},  {"a":"alice"} ]
      },
      {
	"ctor":"agent_",
	"args": [ {"a":"payment_2015_31"},  {"a":"alice"} ]
      },
      {
	"ctor":"agent_",
	"args": [ {"a":"payment_2015_32"},  {"a":"alice"} ]
      },
      {
	"ctor":"agent_",
	"args": [ {"a":"payment_2015_33"},  {"a":"alice"} ]
      },
      {
	"ctor":"agent_",
	"args": [ {"a":"payment_2015_34"},  {"a":"alice"} ]
      },
      {
	"ctor":"agent_",
	"args": [ {"a":"payment_2015_35"},  {"a":"alice"} ]
      },
      {
	"ctor":"agent_",
	"args": [ {"a":"payment_2015_36"},  {"a":"alice"} ]
      },
      {
	"ctor":"agent_",
	"args": [ {"a":"payment_2015_37"},  {"a":"alice"} ]
      },
      {
	"ctor":"agent_",
	"args": [ {"a":"payment_2015_38"},  {"a":"alice"} ]
      },
      {
	"ctor":"agent_",
	"args": [ {"a":"payment_2015_39"},  {"a":"alice"} ]
      },
      {
	"ctor":"agent_",
	"args": [ {"a":"payment_2015_40"},  {"a":"alice"} ]
      },
      {
	"ctor":"agent_",
	"args": [ {"a":"payment_2015_41"},  {"a":"alice"} ]
      },
      {
	"ctor":"agent_",
	"args": [ {"a":"payment_2015_42"},  {"a":"alice"} ]
      },
      {
	"ctor":"agent_",
	"args": [ {"a":"payment_2015_43"},  {"a":"alice"} ]
      },
      {
	"ctor":"agent_",
	"args": [ {"a":"payment_2015_44"},  {"a":"alice"} ]
      },
      {
	"ctor":"agent_",
	"args": [ {"a":"payment_2015_45"},  {"a":"alice"} ]
      },
      {
	"ctor":"agent_",
	"args": [ {"a":"payment_2015_46"},  {"a":"alice"} ]
      },
      {
	"ctor":"agent_",
	"args": [ {"a":"payment_2015_47"},  {"a":"alice"} ]
      },
      {
	"ctor":"agent_",
	"args": [ {"a":"payment_2015_48"},  {"a":"alice"} ]
      },
      {
	"ctor":"agent_",
	"args": [ {"a":"payment_2015_49"},  {"a":"alice"} ]
      },
      {
	"ctor":"agent_",
	"args": [ {"a":"payment_2015_50"},  {"a":"alice"} ]
      },
      {
	"ctor":"agent_",
	"args": [ {"a":"payment_2015_51"},  {"a":"alice"} ]
      },
      {
	"ctor":"agent_",
	"args": [ {"a":"payment_2015_52"},  {"a":"alice"} ]
      },
      {
	"ctor":"agent_",
	"args": [ {"a":"payment_2015_53"},  {"a":"alice"} ]
      },
      {
	"ctor":"agent_",
	"args": [ {"a":"payment_2015_54"},  {"a":"alice"} ]
      },
      {
	"ctor":"agent_",
	"args": [ {"a":"payment_2015_55"},  {"a":"alice"} ]
      },
      {
	"ctor":"agent_",
	"args": [ {"a":"payment_2015_56"},  {"a":"alice"} ]
      },
      {
	"ctor":"agent_",
	"args": [ {"a":"payment_2015_57"},  {"a":"alice"} ]
      },
      {
	"ctor":"agent_",
	"args": [ {"a":"payment_2015_58"},  {"a":"alice"} ]
      },
      {
	"ctor":"agent_",
	"args": [ {"a":"payment_2015_59"},  {"a":"alice"} ]
      },
      {
	"ctor":"agent_",
	"args": [ {"a":"payment_2015_60"},  {"a":"alice"} ]
      },
      {
	"ctor":"agent_",
	"args": [ {"a":"payment_2015_61"},  {"a":"alice"} ]
      },
      {
	"ctor":"agent_",
	"args": [ {"a":"payment_2015_62"},  {"a":"alice"} ]
      },
      {
	"ctor":"agent_",
	"args": [ {"a":"payment_2015_63"},  {"a":"alice"} ]
      },
      {
	"ctor":"agent_",
	"args": [ {"a":"payment_2015_64"},  {"a":"alice"} ]
      },
      {
	"ctor":"agent_",
	"args": [ {"a":"payment_2015_65"},  {"a":"alice"} ]
      },
      {
	"ctor":"agent_",
	"args": [ {"a":"payment_2015_66"},  {"a":"alice"} ]
      },
      {
	"ctor":"agent_",
	"args": [ {"a":"payment_2015_67"},  {"a":"alice"} ]
      },
      {
	"ctor":"agent_",
	"args": [ {"a":"payment_2015_68"},  {"a":"alice"} ]
      },
      {
	"ctor":"agent_",
	"args": [ {"a":"payment_2015_69"},  {"a":"alice"} ]
      },
      {
	"ctor":"agent_",
	"args": [ {"a":"payment_2015_70"},  {"a":"alice"} ]
      },
      {
	"ctor":"agent_",
	"args": [ {"a":"payment_2015_71"},  {"a":"alice"} ]
      },
      {
	"ctor":"agent_",
	"args": [ {"a":"payment_2015_72"},  {"a":"alice"} ]
      },
      {
	"ctor":"agent_",
	"args": [ {"a":"payment_2015_73"},  {"a":"alice"} ]
      },
      {
	"ctor":"agent_",
	"args": [ {"a":"payment_2015_74"},  {"a":"alice"} ]
      },
      {
	"ctor":"agent_",
	"args": [ {"a":"payment_2015_75"},  {"a":"alice"} ]
      },
      {
	"ctor":"agent_",
	"args": [ {"a":"payment_2015_76"},  {"a":"alice"} ]
      },
      {
	"ctor":"agent_",
	"args": [ {"a":"payment_2015_77"},  {"a":"alice"} ]
      },
      {
	"ctor":"agent_",
	"args": [ {"a":"payment_2015_78"},  {"a":"alice"} ]
      },
      {
	"ctor":"agent_",
	"args": [ {"a":"payment_2015_79"},  {"a":"alice"} ]
      },
      {
	"ctor":"agent_",
	"args": [ {"a":"payment_2015_80"},  {"a":"alice"} ]
      },
      {
	"ctor":"agent_",
	"args": [ {"a":"payment_2015_81"},  {"a":"alice"} ]
      },
      {
	"ctor":"agent_",
	"args": [ {"a":"payment_2015_82"},  {"a":"alice"} ]
      },
      {
	"ctor":"agent_",
	"args": [ {"a":"payment_2015_83"},  {"a":"alice"} ]
      },
      {
	"ctor":"agent_",
	"args": [ {"a":"payment_2015_84"},  {"a":"alice"} ]
      },
      {
	"ctor":"agent_",
	"args": [ {"a":"payment_2015_85"},  {"a":"alice"} ]
      },
      {
	"ctor":"agent_",
	"args": [ {"a":"payment_2015_86"},  {"a":"alice"} ]
      },
      {
	"ctor":"agent_",
	"args": [ {"a":"payment_2015_87"},  {"a":"alice"} ]
      },
      {
	"ctor":"agent_",
	"args": [ {"a":"payment_2016_1"},  {"a":"alice"} ]
      },
      {
	"ctor":"agent_",
	"args": [ {"a":"payment_2016_2"},  {"a":"alice"} ]
      },
      {
	"ctor":"agent_",
	"args": [ {"a":"payment_2016_3"},  {"a":"alice"} ]
      },
      {
	"ctor":"agent_",
	"args": [ {"a":"payment_2016_4"},  {"a":"alice"} ]
      },
      {
	"ctor":"agent_",
	"args": [ {"a":"payment_2016_5"},  {"a":"alice"} ]
      },
      {
	"ctor":"agent_",
	"args": [ {"a":"payment_2016_6"},  {"a":"alice"} ]
      },
      {
	"ctor":"agent_",
	"args": [ {"a":"payment_2016_7"},  {"a":"alice"} ]
      },
      {
	"ctor":"agent_",
	"args": [ {"a":"payment_2016_8"},  {"a":"alice"} ]
      },
      {
	"ctor":"agent_",
	"args": [ {"a":"payment_2016_9"},  {"a":"alice"} ]
      },
      {
	"ctor":"agent_",
	"args": [ {"a":"payment_2016_10"},  {"a":"alice"} ]
      },
      {
	"ctor":"agent_",
	"args": [ {"a":"payment_2016_11"},  {"a":"alice"} ]
      },
      {
	"ctor":"agent_",
	"args": [ {"a":"payment_2016_12"},  {"a":"alice"} ]
      },
      {
	"ctor":"agent_",
	"args": [ {"a":"payment_2016_13"},  {"a":"alice"} ]
      },
      {
	"ctor":"agent_",
	"args": [ {"a":"payment_2016_14"},  {"a":"alice"} ]
      },
      {
	"ctor":"agent_",
	"args": [ {"a":"payment_2016_15"},  {"a":"alice"} ]
      },
      {
	"ctor":"agent_",
	"args": [ {"a":"payment_2016_16"},  {"a":"alice"} ]
      },
      {
	"ctor":"agent_",
	"args": [ {"a":"payment_2016_17"},  {"a":"alice"} ]
      },
      {
	"ctor":"agent_",
	"args": [ {"a":"payment_2016_18"},  {"a":"alice"} ]
      },
      {
	"ctor":"agent_",
	"args": [ {"a":"payment_2016_19"},  {"a":"alice"} ]
      },
      {
	"ctor":"agent_",
	"args": [ {"a":"payment_2016_20"},  {"a":"alice"} ]
      },
      {
	"ctor":"agent_",
	"args": [ {"a":"payment_2016_21"},  {"a":"alice"} ]
      },
      {
	"ctor":"agent_",
	"args": [ {"a":"payment_2016_22"},  {"a":"alice"} ]
      },
      {
	"ctor":"agent_",
	"args": [ {"a":"payment_2016_23"},  {"a":"alice"} ]
      },
      {
	"ctor":"agent_",
	"args": [ {"a":"payment_2016_24"},  {"a":"alice"} ]
      },
      {
	"ctor":"agent_",
	"args": [ {"a":"payment_2016_25"},  {"a":"alice"} ]
      },
      {
	"ctor":"agent_",
	"args": [ {"a":"payment_2016_26"},  {"a":"alice"} ]
      },
      {
	"ctor":"agent_",
	"args": [ {"a":"payment_2016_27"},  {"a":"alice"} ]
      },
      {
	"ctor":"agent_",
	"args": [ {"a":"payment_2016_28"},  {"a":"alice"} ]
      },
      {
	"ctor":"agent_",
	"args": [ {"a":"payment_2016_29"},  {"a":"alice"} ]
      },
      {
	"ctor":"agent_",
	"args": [ {"a":"payment_2016_30"},  {"a":"alice"} ]
      },
      {
	"ctor":"agent_",
	"args": [ {"a":"payment_2016_31"},  {"a":"alice"} ]
      },
      {
	"ctor":"agent_",
	"args": [ {"a":"payment_2016_32"},  {"a":"alice"} ]
      },
      {
	"ctor":"agent_",
	"args": [ {"a":"payment_2016_33"},  {"a":"alice"} ]
      },
      {
	"ctor":"agent_",
	"args": [ {"a":"payment_2016_34"},  {"a":"alice"} ]
      },
      {
	"ctor":"agent_",
	"args": [ {"a":"payment_2016_35"},  {"a":"alice"} ]
      },
      {
	"ctor":"agent_",
	"args": [ {"a":"payment_2016_36"},  {"a":"alice"} ]
      },
      {
	"ctor":"agent_",
	"args": [ {"a":"payment_2016_37"},  {"a":"alice"} ]
      },
      {
	"ctor":"agent_",
	"args": [ {"a":"payment_2016_38"},  {"a":"alice"} ]
      },
      {
	"ctor":"agent_",
	"args": [ {"a":"payment_2016_39"},  {"a":"alice"} ]
      },
      {
	"ctor":"agent_",
	"args": [ {"a":"payment_2016_40"},  {"a":"alice"} ]
      },
      {
	"ctor":"agent_",
	"args": [ {"a":"payment_2016_41"},  {"a":"alice"} ]
      },
      {
	"ctor":"agent_",
	"args": [ {"a":"payment_2016_42"},  {"a":"alice"} ]
      },
      {
	"ctor":"agent_",
	"args": [ {"a":"payment_2016_43"},  {"a":"alice"} ]
      },
      {
	"ctor":"agent_",
	"args": [ {"a":"payment_2016_44"},  {"a":"alice"} ]
      },
      {
	"ctor":"agent_",
	"args": [ {"a":"payment_2016_45"},  {"a":"alice"} ]
      },
      {
	"ctor":"agent_",
	"args": [ {"a":"payment_2016_46"},  {"a":"alice"} ]
      },
      {
	"ctor":"agent_",
	"args": [ {"a":"payment_2016_47"},  {"a":"alice"} ]
      },
      {
	"ctor":"agent_",
	"args": [ {"a":"payment_2016_48"},  {"a":"alice"} ]
      },
      {
	"ctor":"agent_",
	"args": [ {"a":"payment_2016_49"},  {"a":"alice"} ]
      },
      {
	"ctor":"agent_",
	"args": [ {"a":"payment_2016_50"},  {"a":"alice"} ]
      },
      {
	"ctor":"agent_",
	"args": [ {"a":"payment_2016_51"},  {"a":"alice"} ]
      },
      {
	"ctor":"agent_",
	"args": [ {"a":"payment_2016_52"},  {"a":"alice"} ]
      },
      {
	"ctor":"agent_",
	"args": [ {"a":"payment_2016_53"},  {"a":"alice"} ]
      },
      {
	"ctor":"agent_",
	"args": [ {"a":"payment_2016_54"},  {"a":"alice"} ]
      },
      {
	"ctor":"agent_",
	"args": [ {"a":"payment_2016_55"},  {"a":"alice"} ]
      },
      {
	"ctor":"agent_",
	"args": [ {"a":"payment_2016_56"},  {"a":"alice"} ]
      },
      {
	"ctor":"agent_",
	"args": [ {"a":"payment_2016_57"},  {"a":"alice"} ]
      },
      {
	"ctor":"agent_",
	"args": [ {"a":"payment_2016_58"},  {"a":"alice"} ]
      },
      {
	"ctor":"agent_",
	"args": [ {"a":"payment_2016_59"},  {"a":"alice"} ]
      },
      {
	"ctor":"agent_",
	"args": [ {"a":"payment_2016_60"},  {"a":"alice"} ]
      },
      {
	"ctor":"agent_",
	"args": [ {"a":"payment_2016_61"},  {"a":"alice"} ]
      },
      {
	"ctor":"agent_",
	"args": [ {"a":"payment_2016_62"},  {"a":"alice"} ]
      },
      {
	"ctor":"agent_",
	"args": [ {"a":"payment_2016_63"},  {"a":"alice"} ]
      },
      {
	"ctor":"agent_",
	"args": [ {"a":"payment_2016_64"},  {"a":"alice"} ]
      },
      {
	"ctor":"agent_",
	"args": [ {"a":"payment_2016_65"},  {"a":"alice"} ]
      },
      {
	"ctor":"agent_",
	"args": [ {"a":"payment_2016_66"},  {"a":"alice"} ]
      },
      {
	"ctor":"agent_",
	"args": [ {"a":"payment_2016_67"},  {"a":"alice"} ]
      },
      {
	"ctor":"agent_",
	"args": [ {"a":"payment_2016_68"},  {"a":"alice"} ]
      },
      {
	"ctor":"agent_",
	"args": [ {"a":"payment_2016_69"},  {"a":"alice"} ]
      },
      {
	"ctor":"agent_",
	"args": [ {"a":"payment_2016_70"},  {"a":"alice"} ]
      },
      {
	"ctor":"purpose_",
	"args": [ {"val": {"a":"payment_2015_1"}},  {"a":"workforalice_2015_1"} ]
      },
      {
	"ctor":"purpose_",
	"args": [ {"val": {"a":"payment_2015_2"}},  {"a":"workforalice_2015_2"} ]
      },
      {
	"ctor":"purpose_",
	"args": [ {"val": {"a":"payment_2015_3"}},  {"a":"workforalice_2015_3"} ]
      },
      {
	"ctor":"purpose_",
	"args": [ {"val": {"a":"payment_2015_4"}},  {"a":"workforalice_2015_4"} ]
      },
      {
	"ctor":"purpose_",
	"args": [ {"val": {"a":"payment_2015_5"}},  {"a":"workforalice_2015_5"} ]
      },
      {
	"ctor":"purpose_",
	"args": [ {"val": {"a":"payment_2015_6"}},  {"a":"workforalice_2015_6"} ]
      },
      {
	"ctor":"purpose_",
	"args": [ {"val": {"a":"payment_2015_7"}},  {"a":"workforalice_2015_7"} ]
      },
      {
	"ctor":"purpose_",
	"args": [ {"val": {"a":"payment_2015_8"}},  {"a":"workforalice_2015_8"} ]
      },
      {
	"ctor":"purpose_",
	"args": [ {"val": {"a":"payment_2015_9"}},  {"a":"workforalice_2015_9"} ]
      },
      {
	"ctor":"purpose_",
	"args": [
	  {"val": {"a":"payment_2015_10"}},
	  {"a":"workforalice_2015_10"}
	]
      },
      {
	"ctor":"purpose_",
	"args": [
	  {"val": {"a":"payment_2015_11"}},
	  {"a":"workforalice_2015_11"}
	]
      },
      {
	"ctor":"purpose_",
	"args": [
	  {"val": {"a":"payment_2015_12"}},
	  {"a":"workforalice_2015_12"}
	]
      },
      {
	"ctor":"purpose_",
	"args": [
	  {"val": {"a":"payment_2015_13"}},
	  {"a":"workforalice_2015_13"}
	]
      },
      {
	"ctor":"purpose_",
	"args": [
	  {"val": {"a":"payment_2015_14"}},
	  {"a":"workforalice_2015_14"}
	]
      },
      {
	"ctor":"purpose_",
	"args": [
	  {"val": {"a":"payment_2015_15"}},
	  {"a":"workforalice_2015_15"}
	]
      },
      {
	"ctor":"purpose_",
	"args": [
	  {"val": {"a":"payment_2015_16"}},
	  {"a":"workforalice_2015_16"}
	]
      },
      {
	"ctor":"purpose_",
	"args": [
	  {"val": {"a":"payment_2015_17"}},
	  {"a":"workforalice_2015_17"}
	]
      },
      {
	"ctor":"purpose_",
	"args": [
	  {"val": {"a":"payment_2015_18"}},
	  {"a":"workforalice_2015_18"}
	]
      },
      {
	"ctor":"purpose_",
	"args": [
	  {"val": {"a":"payment_2015_19"}},
	  {"a":"workforalice_2015_19"}
	]
      },
      {
	"ctor":"purpose_",
	"args": [
	  {"val": {"a":"payment_2015_20"}},
	  {"a":"workforalice_2015_20"}
	]
      },
      {
	"ctor":"purpose_",
	"args": [
	  {"val": {"a":"payment_2015_21"}},
	  {"a":"workforalice_2015_21"}
	]
      },
      {
	"ctor":"purpose_",
	"args": [
	  {"val": {"a":"payment_2015_22"}},
	  {"a":"workforalice_2015_22"}
	]
      },
      {
	"ctor":"purpose_",
	"args": [
	  {"val": {"a":"payment_2015_23"}},
	  {"a":"workforalice_2015_23"}
	]
      },
      {
	"ctor":"purpose_",
	"args": [
	  {"val": {"a":"payment_2015_24"}},
	  {"a":"workforalice_2015_24"}
	]
      },
      {
	"ctor":"purpose_",
	"args": [
	  {"val": {"a":"payment_2015_25"}},
	  {"a":"workforalice_2015_25"}
	]
      },
      {
	"ctor":"purpose_",
	"args": [
	  {"val": {"a":"payment_2015_26"}},
	  {"a":"workforalice_2015_26"}
	]
      },
      {
	"ctor":"purpose_",
	"args": [
	  {"val": {"a":"payment_2015_27"}},
	  {"a":"workforalice_2015_27"}
	]
      },
      {
	"ctor":"purpose_",
	"args": [
	  {"val": {"a":"payment_2015_28"}},
	  {"a":"workforalice_2015_28"}
	]
      },
      {
	"ctor":"purpose_",
	"args": [
	  {"val": {"a":"payment_2015_29"}},
	  {"a":"workforalice_2015_29"}
	]
      },
      {
	"ctor":"purpose_",
	"args": [
	  {"val": {"a":"payment_2015_30"}},
	  {"a":"workforalice_2015_30"}
	]
      },
      {
	"ctor":"purpose_",
	"args": [
	  {"val": {"a":"payment_2015_31"}},
	  {"a":"workforalice_2015_31"}
	]
      },
      {
	"ctor":"purpose_",
	"args": [
	  {"val": {"a":"payment_2015_32"}},
	  {"a":"workforalice_2015_32"}
	]
      },
      {
	"ctor":"purpose_",
	"args": [
	  {"val": {"a":"payment_2015_33"}},
	  {"a":"workforalice_2015_33"}
	]
      },
      {
	"ctor":"purpose_",
	"args": [
	  {"val": {"a":"payment_2015_34"}},
	  {"a":"workforalice_2015_34"}
	]
      },
      {
	"ctor":"purpose_",
	"args": [
	  {"val": {"a":"payment_2015_35"}},
	  {"a":"workforalice_2015_35"}
	]
      },
      {
	"ctor":"purpose_",
	"args": [
	  {"val": {"a":"payment_2015_36"}},
	  {"a":"workforalice_2015_36"}
	]
      },
      {
	"ctor":"purpose_",
	"args": [
	  {"val": {"a":"payment_2015_37"}},
	  {"a":"workforalice_2015_37"}
	]
      },
      {
	"ctor":"purpose_",
	"args": [
	  {"val": {"a":"payment_2015_38"}},
	  {"a":"workforalice_2015_38"}
	]
      },
      {
	"ctor":"purpose_",
	"args": [
	  {"val": {"a":"payment_2015_39"}},
	  {"a":"workforalice_2015_39"}
	]
      },
      {
	"ctor":"purpose_",
	"args": [
	  {"val": {"a":"payment_2015_40"}},
	  {"a":"workforalice_2015_40"}
	]
      },
      {
	"ctor":"purpose_",
	"args": [
	  {"val": {"a":"payment_2015_41"}},
	  {"a":"workforalice_2015_41"}
	]
      },
      {
	"ctor":"purpose_",
	"args": [
	  {"val": {"a":"payment_2015_42"}},
	  {"a":"workforalice_2015_42"}
	]
      },
      {
	"ctor":"purpose_",
	"args": [
	  {"val": {"a":"payment_2015_43"}},
	  {"a":"workforalice_2015_43"}
	]
      },
      {
	"ctor":"purpose_",
	"args": [
	  {"val": {"a":"payment_2015_44"}},
	  {"a":"workforalice_2015_44"}
	]
      },
      {
	"ctor":"purpose_",
	"args": [
	  {"val": {"a":"payment_2015_45"}},
	  {"a":"workforalice_2015_45"}
	]
      },
      {
	"ctor":"purpose_",
	"args": [
	  {"val": {"a":"payment_2015_46"}},
	  {"a":"workforalice_2015_46"}
	]
      },
      {
	"ctor":"purpose_",
	"args": [
	  {"val": {"a":"payment_2015_47"}},
	  {"a":"workforalice_2015_47"}
	]
      },
      {
	"ctor":"purpose_",
	"args": [
	  {"val": {"a":"payment_2015_48"}},
	  {"a":"workforalice_2015_48"}
	]
      },
      {
	"ctor":"purpose_",
	"args": [
	  {"val": {"a":"payment_2015_49"}},
	  {"a":"workforalice_2015_49"}
	]
      },
      {
	"ctor":"purpose_",
	"args": [
	  {"val": {"a":"payment_2015_50"}},
	  {"a":"workforalice_2015_50"}
	]
      },
      {
	"ctor":"purpose_",
	"args": [
	  {"val": {"a":"payment_2015_51"}},
	  {"a":"workforalice_2015_51"}
	]
      },
      {
	"ctor":"purpose_",
	"args": [
	  {"val": {"a":"payment_2015_52"}},
	  {"a":"workforalice_2015_52"}
	]
      },
      {
	"ctor":"purpose_",
	"args": [
	  {"val": {"a":"payment_2015_53"}},
	  {"a":"workforalice_2015_53"}
	]
      },
      {
	"ctor":"purpose_",
	"args": [
	  {"val": {"a":"payment_2015_54"}},
	  {"a":"workforalice_2015_54"}
	]
      },
      {
	"ctor":"purpose_",
	"args": [
	  {"val": {"a":"payment_2015_55"}},
	  {"a":"workforalice_2015_55"}
	]
      },
      {
	"ctor":"purpose_",
	"args": [
	  {"val": {"a":"payment_2015_56"}},
	  {"a":"workforalice_2015_56"}
	]
      },
      {
	"ctor":"purpose_",
	"args": [
	  {"val": {"a":"payment_2015_57"}},
	  {"a":"workforalice_2015_57"}
	]
      },
      {
	"ctor":"purpose_",
	"args": [
	  {"val": {"a":"payment_2015_58"}},
	  {"a":"workforalice_2015_58"}
	]
      },
      {
	"ctor":"purpose_",
	"args": [
	  {"val": {"a":"payment_2015_59"}},
	  {"a":"workforalice_2015_59"}
	]
      },
      {
	"ctor":"purpose_",
	"args": [
	  {"val": {"a":"payment_2015_60"}},
	  {"a":"workforalice_2015_60"}
	]
      },
      {
	"ctor":"purpose_",
	"args": [
	  {"val": {"a":"payment_2015_61"}},
	  {"a":"workforalice_2015_61"}
	]
      },
      {
	"ctor":"purpose_",
	"args": [
	  {"val": {"a":"payment_2015_62"}},
	  {"a":"workforalice_2015_62"}
	]
      },
      {
	"ctor":"purpose_",
	"args": [
	  {"val": {"a":"payment_2015_63"}},
	  {"a":"workforalice_2015_63"}
	]
      },
      {
	"ctor":"purpose_",
	"args": [
	  {"val": {"a":"payment_2015_64"}},
	  {"a":"workforalice_2015_64"}
	]
      },
      {
	"ctor":"purpose_",
	"args": [
	  {"val": {"a":"payment_2015_65"}},
	  {"a":"workforalice_2015_65"}
	]
      },
      {
	"ctor":"purpose_",
	"args": [
	  {"val": {"a":"payment_2015_66"}},
	  {"a":"workforalice_2015_66"}
	]
      },
      {
	"ctor":"purpose_",
	"args": [
	  {"val": {"a":"payment_2015_67"}},
	  {"a":"workforalice_2015_67"}
	]
      },
      {
	"ctor":"purpose_",
	"args": [
	  {"val": {"a":"payment_2015_68"}},
	  {"a":"workforalice_2015_68"}
	]
      },
      {
	"ctor":"purpose_",
	"args": [
	  {"val": {"a":"payment_2015_69"}},
	  {"a":"workforalice_2015_69"}
	]
      },
      {
	"ctor":"purpose_",
	"args": [
	  {"val": {"a":"payment_2015_70"}},
	  {"a":"workforalice_2015_70"}
	]
      },
      {
	"ctor":"purpose_",
	"args": [
	  {"val": {"a":"payment_2015_71"}},
	  {"a":"workforalice_2015_71"}
	]
      },
      {
	"ctor":"purpose_",
	"args": [
	  {"val": {"a":"payment_2015_72"}},
	  {"a":"workforalice_2015_72"}
	]
      },
      {
	"ctor":"purpose_",
	"args": [
	  {"val": {"a":"payment_2015_73"}},
	  {"a":"workforalice_2015_73"}
	]
      },
      {
	"ctor":"purpose_",
	"args": [
	  {"val": {"a":"payment_2015_74"}},
	  {"a":"workforalice_2015_74"}
	]
      },
      {
	"ctor":"purpose_",
	"args": [
	  {"val": {"a":"payment_2015_75"}},
	  {"a":"workforalice_2015_75"}
	]
      },
      {
	"ctor":"purpose_",
	"args": [
	  {"val": {"a":"payment_2015_76"}},
	  {"a":"workforalice_2015_76"}
	]
      },
      {
	"ctor":"purpose_",
	"args": [
	  {"val": {"a":"payment_2015_77"}},
	  {"a":"workforalice_2015_77"}
	]
      },
      {
	"ctor":"purpose_",
	"args": [
	  {"val": {"a":"payment_2015_78"}},
	  {"a":"workforalice_2015_78"}
	]
      },
      {
	"ctor":"purpose_",
	"args": [
	  {"val": {"a":"payment_2015_79"}},
	  {"a":"workforalice_2015_79"}
	]
      },
      {
	"ctor":"purpose_",
	"args": [
	  {"val": {"a":"payment_2015_80"}},
	  {"a":"workforalice_2015_80"}
	]
      },
      {
	"ctor":"purpose_",
	"args": [
	  {"val": {"a":"payment_2015_81"}},
	  {"a":"workforalice_2015_81"}
	]
      },
      {
	"ctor":"purpose_",
	"args": [
	  {"val": {"a":"payment_2015_82"}},
	  {"a":"workforalice_2015_82"}
	]
      },
      {
	"ctor":"purpose_",
	"args": [
	  {"val": {"a":"payment_2015_83"}},
	  {"a":"workforalice_2015_83"}
	]
      },
      {
	"ctor":"purpose_",
	"args": [
	  {"val": {"a":"payment_2015_84"}},
	  {"a":"workforalice_2015_84"}
	]
      },
      {
	"ctor":"purpose_",
	"args": [
	  {"val": {"a":"payment_2015_85"}},
	  {"a":"workforalice_2015_85"}
	]
      },
      {
	"ctor":"purpose_",
	"args": [
	  {"val": {"a":"payment_2015_86"}},
	  {"a":"workforalice_2015_86"}
	]
      },
      {
	"ctor":"purpose_",
	"args": [
	  {"val": {"a":"payment_2015_87"}},
	  {"a":"workforalice_2015_87"}
	]
      },
      {
	"ctor":"purpose_",
	"args": [ {"val": {"a":"payment_2016_1"}},  {"a":"workforalice_2016_1"} ]
      },
      {
	"ctor":"purpose_",
	"args": [ {"val": {"a":"payment_2016_2"}},  {"a":"workforalice_2016_2"} ]
      },
      {
	"ctor":"purpose_",
	"args": [ {"val": {"a":"payment_2016_3"}},  {"a":"workforalice_2016_3"} ]
      },
      {
	"ctor":"purpose_",
	"args": [ {"val": {"a":"payment_2016_4"}},  {"a":"workforalice_2016_4"} ]
      },
      {
	"ctor":"purpose_",
	"args": [ {"val": {"a":"payment_2016_5"}},  {"a":"workforalice_2016_5"} ]
      },
      {
	"ctor":"purpose_",
	"args": [ {"val": {"a":"payment_2016_6"}},  {"a":"workforalice_2016_6"} ]
      },
      {
	"ctor":"purpose_",
	"args": [ {"val": {"a":"payment_2016_7"}},  {"a":"workforalice_2016_7"} ]
      },
      {
	"ctor":"purpose_",
	"args": [ {"val": {"a":"payment_2016_8"}},  {"a":"workforalice_2016_8"} ]
      },
      {
	"ctor":"purpose_",
	"args": [ {"val": {"a":"payment_2016_9"}},  {"a":"workforalice_2016_9"} ]
      },
      {
	"ctor":"purpose_",
	"args": [
	  {"val": {"a":"payment_2016_10"}},
	  {"a":"workforalice_2016_10"}
	]
      },
      {
	"ctor":"purpose_",
	"args": [
	  {"val": {"a":"payment_2016_11"}},
	  {"a":"workforalice_2016_11"}
	]
      },
      {
	"ctor":"purpose_",
	"args": [
	  {"val": {"a":"payment_2016_12"}},
	  {"a":"workforalice_2016_12"}
	]
      },
      {
	"ctor":"purpose_",
	"args": [
	  {"val": {"a":"payment_2016_13"}},
	  {"a":"workforalice_2016_13"}
	]
      },
      {
	"ctor":"purpose_",
	"args": [
	  {"val": {"a":"payment_2016_14"}},
	  {"a":"workforalice_2016_14"}
	]
      },
      {
	"ctor":"purpose_",
	"args": [
	  {"val": {"a":"payment_2016_15"}},
	  {"a":"workforalice_2016_15"}
	]
      },
      {
	"ctor":"purpose_",
	"args": [
	  {"val": {"a":"payment_2016_16"}},
	  {"a":"workforalice_2016_16"}
	]
      },
      {
	"ctor":"purpose_",
	"args": [
	  {"val": {"a":"payment_2016_17"}},
	  {"a":"workforalice_2016_17"}
	]
      },
      {
	"ctor":"purpose_",
	"args": [
	  {"val": {"a":"payment_2016_18"}},
	  {"a":"workforalice_2016_18"}
	]
      },
      {
	"ctor":"purpose_",
	"args": [
	  {"val": {"a":"payment_2016_19"}},
	  {"a":"workforalice_2016_19"}
	]
      },
      {
	"ctor":"purpose_",
	"args": [
	  {"val": {"a":"payment_2016_20"}},
	  {"a":"workforalice_2016_20"}
	]
      },
      {
	"ctor":"purpose_",
	"args": [
	  {"val": {"a":"payment_2016_21"}},
	  {"a":"workforalice_2016_21"}
	]
      },
      {
	"ctor":"purpose_",
	"args": [
	  {"val": {"a":"payment_2016_22"}},
	  {"a":"workforalice_2016_22"}
	]
      },
      {
	"ctor":"purpose_",
	"args": [
	  {"val": {"a":"payment_2016_23"}},
	  {"a":"workforalice_2016_23"}
	]
      },
      {
	"ctor":"purpose_",
	"args": [
	  {"val": {"a":"payment_2016_24"}},
	  {"a":"workforalice_2016_24"}
	]
      },
      {
	"ctor":"purpose_",
	"args": [
	  {"val": {"a":"payment_2016_25"}},
	  {"a":"workforalice_2016_25"}
	]
      },
      {
	"ctor":"purpose_",
	"args": [
	  {"val": {"a":"payment_2016_26"}},
	  {"a":"workforalice_2016_26"}
	]
      },
      {
	"ctor":"purpose_",
	"args": [
	  {"val": {"a":"payment_2016_27"}},
	  {"a":"workforalice_2016_27"}
	]
      },
      {
	"ctor":"purpose_",
	"args": [
	  {"val": {"a":"payment_2016_28"}},
	  {"a":"workforalice_2016_28"}
	]
      },
      {
	"ctor":"purpose_",
	"args": [
	  {"val": {"a":"payment_2016_29"}},
	  {"a":"workforalice_2016_29"}
	]
      },
      {
	"ctor":"purpose_",
	"args": [
	  {"val": {"a":"payment_2016_30"}},
	  {"a":"workforalice_2016_30"}
	]
      },
      {
	"ctor":"purpose_",
	"args": [
	  {"val": {"a":"payment_2016_31"}},
	  {"a":"workforalice_2016_31"}
	]
      },
      {
	"ctor":"purpose_",
	"args": [
	  {"val": {"a":"payment_2016_32"}},
	  {"a":"workforalice_2016_32"}
	]
      },
      {
	"ctor":"purpose_",
	"args": [
	  {"val": {"a":"payment_2016_33"}},
	  {"a":"workforalice_2016_33"}
	]
      },
      {
	"ctor":"purpose_",
	"args": [
	  {"val": {"a":"payment_2016_34"}},
	  {"a":"workforalice_2016_34"}
	]
      },
      {
	"ctor":"purpose_",
	"args": [
	  {"val": {"a":"payment_2016_35"}},
	  {"a":"workforalice_2016_35"}
	]
      },
      {
	"ctor":"purpose_",
	"args": [
	  {"val": {"a":"payment_2016_36"}},
	  {"a":"workforalice_2016_36"}
	]
      },
      {
	"ctor":"purpose_",
	"args": [
	  {"val": {"a":"payment_2016_37"}},
	  {"a":"workforalice_2016_37"}
	]
      },
      {
	"ctor":"purpose_",
	"args": [
	  {"val": {"a":"payment_2016_38"}},
	  {"a":"workforalice_2016_38"}
	]
      },
      {
	"ctor":"purpose_",
	"args": [
	  {"val": {"a":"payment_2016_39"}},
	  {"a":"workforalice_2016_39"}
	]
      },
      {
	"ctor":"purpose_",
	"args": [
	  {"val": {"a":"payment_2016_40"}},
	  {"a":"workforalice_2016_40"}
	]
      },
      {
	"ctor":"purpose_",
	"args": [
	  {"val": {"a":"payment_2016_41"}},
	  {"a":"workforalice_2016_41"}
	]
      },
      {
	"ctor":"purpose_",
	"args": [
	  {"val": {"a":"payment_2016_42"}},
	  {"a":"workforalice_2016_42"}
	]
      },
      {
	"ctor":"purpose_",
	"args": [
	  {"val": {"a":"payment_2016_43"}},
	  {"a":"workforalice_2016_43"}
	]
      },
      {
	"ctor":"purpose_",
	"args": [
	  {"val": {"a":"payment_2016_44"}},
	  {"a":"workforalice_2016_44"}
	]
      },
      {
	"ctor":"purpose_",
	"args": [
	  {"val": {"a":"payment_2016_45"}},
	  {"a":"workforalice_2016_45"}
	]
      },
      {
	"ctor":"purpose_",
	"args": [
	  {"val": {"a":"payment_2016_46"}},
	  {"a":"workforalice_2016_46"}
	]
      },
      {
	"ctor":"purpose_",
	"args": [
	  {"val": {"a":"payment_2016_47"}},
	  {"a":"workforalice_2016_47"}
	]
      },
      {
	"ctor":"purpose_",
	"args": [
	  {"val": {"a":"payment_2016_48"}},
	  {"a":"workforalice_2016_48"}
	]
      },
      {
	"ctor":"purpose_",
	"args": [
	  {"val": {"a":"payment_2016_49"}},
	  {"a":"workforalice_2016_49"}
	]
      },
      {
	"ctor":"purpose_",
	"args": [
	  {"val": {"a":"payment_2016_50"}},
	  {"a":"workforalice_2016_50"}
	]
      },
      {
	"ctor":"purpose_",
	"args": [
	  {"val": {"a":"payment_2016_51"}},
	  {"a":"workforalice_2016_51"}
	]
      },
      {
	"ctor":"purpose_",
	"args": [
	  {"val": {"a":"payment_2016_52"}},
	  {"a":"workforalice_2016_52"}
	]
      },
      {
	"ctor":"purpose_",
	"args": [
	  {"val": {"a":"payment_2016_53"}},
	  {"a":"workforalice_2016_53"}
	]
      },
      {
	"ctor":"purpose_",
	"args": [
	  {"val": {"a":"payment_2016_54"}},
	  {"a":"workforalice_2016_54"}
	]
      },
      {
	"ctor":"purpose_",
	"args": [
	  {"val": {"a":"payment_2016_55"}},
	  {"a":"workforalice_2016_55"}
	]
      },
      {
	"ctor":"purpose_",
	"args": [
	  {"val": {"a":"payment_2016_56"}},
	  {"a":"workforalice_2016_56"}
	]
      },
      {
	"ctor":"purpose_",
	"args": [
	  {"val": {"a":"payment_2016_57"}},
	  {"a":"workforalice_2016_57"}
	]
      },
      {
	"ctor":"purpose_",
	"args": [
	  {"val": {"a":"payment_2016_58"}},
	  {"a":"workforalice_2016_58"}
	]
      },
      {
	"ctor":"purpose_",
	"args": [
	  {"val": {"a":"payment_2016_59"}},
	  {"a":"workforalice_2016_59"}
	]
      },
      {
	"ctor":"purpose_",
	"args": [
	  {"val": {"a":"payment_2016_60"}},
	  {"a":"workforalice_2016_60"}
	]
      },
      {
	"ctor":"purpose_",
	"args": [
	  {"val": {"a":"payment_2016_61"}},
	  {"a":"workforalice_2016_61"}
	]
      },
      {
	"ctor":"purpose_",
	"args": [
	  {"val": {"a":"payment_2016_62"}},
	  {"a":"workforalice_2016_62"}
	]
      },
      {
	"ctor":"purpose_",
	"args": [
	  {"val": {"a":"payment_2016_63"}},
	  {"a":"workforalice_2016_63"}
	]
      },
      {
	"ctor":"purpose_",
	"args": [
	  {"val": {"a":"payment_2016_64"}},
	  {"a":"workforalice_2016_64"}
	]
      },
      {
	"ctor":"purpose_",
	"args": [
	  {"val": {"a":"payment_2016_65"}},
	  {"a":"workforalice_2016_65"}
	]
      },
      {
	"ctor":"purpose_",
	"args": [
	  {"val": {"a":"payment_2016_66"}},
	  {"a":"workforalice_2016_66"}
	]
      },
      {
	"ctor":"purpose_",
	"args": [
	  {"val": {"a":"payment_2016_67"}},
	  {"a":"workforalice_2016_67"}
	]
      },
      {
	"ctor":"purpose_",
	"args": [
	  {"val": {"a":"payment_2016_68"}},
	  {"a":"workforalice_2016_68"}
	]
      },
      {
	"ctor":"purpose_",
	"args": [
	  {"val": {"a":"payment_2016_69"}},
	  {"a":"workforalice_2016_69"}
	]
      },
      {
	"ctor":"purpose_",
	"args": [
	  {"val": {"a":"payment_2016_70"}},
	  {"a":"workforalice_2016_70"}
	]
      },
      {"ctor":"amount_", "args": [ {"a":"payment_2015_1"}, 5207 ]},
      {"ctor":"amount_", "args": [ {"a":"payment_2015_2"}, 5207 ]},
      {"ctor":"amount_", "args": [ {"a":"payment_2015_3"}, 5207 ]},
      {"ctor":"amount_", "args": [ {"a":"payment_2015_4"}, 5207 ]},
      {"ctor":"amount_", "args": [ {"a":"payment_2015_5"}, 5207 ]},
      {"ctor":"amount_", "args": [ {"a":"payment_2015_6"}, 5207 ]},
      {"ctor":"amount_", "args": [ {"a":"payment_2015_7"}, 5207 ]},
      {"ctor":"amount_", "args": [ {"a":"payment_2015_8"}, 5207 ]},
      {"ctor":"amount_", "args": [ {"a":"payment_2015_9"}, 5207 ]},
      {"ctor":"amount_", "args": [ {"a":"payment_2015_10"}, 5207 ]},
      {"ctor":"amount_", "args": [ {"a":"payment_2015_11"}, 5207 ]},
      {"ctor":"amount_", "args": [ {"a":"payment_2015_12"}, 5207 ]},
      {"ctor":"amount_", "args": [ {"a":"payment_2015_13"}, 5207 ]},
      {"ctor":"amount_", "args": [ {"a":"payment_2015_14"}, 5207 ]},
      {"ctor":"amount_", "args": [ {"a":"payment_2015_15"}, 5207 ]},
      {"ctor":"amount_", "args": [ {"a":"payment_2015_16"}, 5207 ]},
      {"ctor":"amount_", "args": [ {"a":"payment_2015_17"}, 5207 ]},
      {"ctor":"amount_", "args": [ {"a":"payment_2015_18"}, 5207 ]},
      {"ctor":"amount_", "args": [ {"a":"payment_2015_19"}, 5207 ]},
      {"ctor":"amount_", "args": [ {"a":"payment_2015_20"}, 5207 ]},
      {"ctor":"amount_", "args": [ {"a":"payment_2015_21"}, 5207 ]},
      {"ctor":"amount_", "args": [ {"a":"payment_2015_22"}, 5207 ]},
      {"ctor":"amount_", "args": [ {"a":"payment_2015_23"}, 5207 ]},
      {"ctor":"amount_", "args": [ {"a":"payment_2015_24"}, 5207 ]},
      {"ctor":"amount_", "args": [ {"a":"payment_2015_25"}, 5207 ]},
      {"ctor":"amount_", "args": [ {"a":"payment_2015_26"}, 5207 ]},
      {"ctor":"amount_", "args": [ {"a":"payment_2015_27"}, 5207 ]},
      {"ctor":"amount_", "args": [ {"a":"payment_2015_28"}, 5207 ]},
      {"ctor":"amount_", "args": [ {"a":"payment_2015_29"}, 5207 ]},
      {"ctor":"amount_", "args": [ {"a":"payment_2015_30"}, 5207 ]},
      {"ctor":"amount_", "args": [ {"a":"payment_2015_31"}, 5207 ]},
      {"ctor":"amount_", "args": [ {"a":"payment_2015_32"}, 5207 ]},
      {"ctor":"amount_", "args": [ {"a":"payment_2015_33"}, 5207 ]},
      {"ctor":"amount_", "args": [ {"a":"payment_2015_34"}, 5207 ]},
      {"ctor":"amount_", "args": [ {"a":"payment_2015_35"}, 5207 ]},
      {"ctor":"amount_", "args": [ {"a":"payment_2015_36"}, 5207 ]},
      {"ctor":"amount_", "args": [ {"a":"payment_2015_37"}, 5207 ]},
      {"ctor":"amount_", "args": [ {"a":"payment_2015_38"}, 5207 ]},
      {"ctor":"amount_", "args": [ {"a":"payment_2015_39"}, 5207 ]},
      {"ctor":"amount_", "args": [ {"a":"payment_2015_40"}, 5207 ]},
      {"ctor":"amount_", "args": [ {"a":"payment_2015_41"}, 5207 ]},
      {"ctor":"amount_", "args": [ {"a":"payment_2015_42"}, 5207 ]},
      {"ctor":"amount_", "args": [ {"a":"payment_2015_43"}, 5207 ]},
      {"ctor":"amount_", "args": [ {"a":"payment_2015_44"}, 5207 ]},
      {"ctor":"amount_", "args": [ {"a":"payment_2015_45"}, 5207 ]},
      {"ctor":"amount_", "args": [ {"a":"payment_2015_46"}, 5207 ]},
      {"ctor":"amount_", "args": [ {"a":"payment_2015_47"}, 5207 ]},
      {"ctor":"amount_", "args": [ {"a":"payment_2015_48"}, 5207 ]},
      {"ctor":"amount_", "args": [ {"a":"payment_2015_49"}, 5207 ]},
      {"ctor":"amount_", "args": [ {"a":"payment_2015_50"}, 5207 ]},
      {"ctor":"amount_", "args": [ {"a":"payment_2015_51"}, 5207 ]},
      {"ctor":"amount_", "args": [ {"a":"payment_2015_52"}, 5207 ]},
      {"ctor":"amount_", "args": [ {"a":"payment_2015_53"}, 5207 ]},
      {"ctor":"amount_", "args": [ {"a":"payment_2015_54"}, 5207 ]},
      {"ctor":"amount_", "args": [ {"a":"payment_2015_55"}, 5207 ]},
      {"ctor":"amount_", "args": [ {"a":"payment_2015_56"}, 5207 ]},
      {"ctor":"amount_", "args": [ {"a":"payment_2015_57"}, 5207 ]},
      {"ctor":"amount_", "args": [ {"a":"payment_2015_58"}, 5207 ]},
      {"ctor":"amount_", "args": [ {"a":"payment_2015_59"}, 5207 ]},
      {"ctor":"amount_", "args": [ {"a":"payment_2015_60"}, 5207 ]},
      {"ctor":"amount_", "args": [ {"a":"payment_2015_61"}, 5207 ]},
      {"ctor":"amount_", "args": [ {"a":"payment_2015_62"}, 5207 ]},
      {"ctor":"amount_", "args": [ {"a":"payment_2015_63"}, 5207 ]},
      {"ctor":"amount_", "args": [ {"a":"payment_2015_64"}, 5207 ]},
      {"ctor":"amount_", "args": [ {"a":"payment_2015_65"}, 5207 ]},
      {"ctor":"amount_", "args": [ {"a":"payment_2015_66"}, 5207 ]},
      {"ctor":"amount_", "args": [ {"a":"payment_2015_67"}, 5207 ]},
      {"ctor":"amount_", "args": [ {"a":"payment_2015_68"}, 5207 ]},
      {"ctor":"amount_", "args": [ {"a":"payment_2015_69"}, 5207 ]},
      {"ctor":"amount_", "args": [ {"a":"payment_2015_70"}, 5207 ]},
      {"ctor":"amount_", "args": [ {"a":"payment_2015_71"}, 5207 ]},
      {"ctor":"amount_", "args": [ {"a":"payment_2015_72"}, 5207 ]},
      {"ctor":"amount_", "args": [ {"a":"payment_2015_73"}, 5207 ]},
      {"ctor":"amount_", "args": [ {"a":"payment_2015_74"}, 5207 ]},
      {"ctor":"amount_", "args": [ {"a":"payment_2015_75"}, 5207 ]},
      {"ctor":"amount_", "args": [ {"a":"payment_2015_76"}, 5207 ]},
      {"ctor":"amount_", "args": [ {"a":"payment_2015_77"}, 5207 ]},
      {"ctor":"amount_", "args": [ {"a":"payment_2015_78"}, 5207 ]},
      {"ctor":"amount_", "args": [ {"a":"payment_2015_79"}, 5207 ]},
      {"ctor":"amount_", "args": [ {"a":"payment_2015_80"}, 5207 ]},
      {"ctor":"amount_", "args": [ {"a":"payment_2015_81"}, 5207 ]},
      {"ctor":"amount_", "args": [ {"a":"payment_2015_82"}, 5207 ]},
      {"ctor":"amount_", "args": [ {"a":"payment_2015_83"}, 5207 ]},
      {"ctor":"amount_", "args": [ {"a":"payment_2015_84"}, 5207 ]},
      {"ctor":"amount_", "args": [ {"a":"payment_2015_85"}, 5207 ]},
      {"ctor":"amount_", "args": [ {"a":"payment_2015_86"}, 5207 ]},
      {"ctor":"amount_", "args": [ {"a":"payment_2015_87"}, 5207 ]},
      {
	"ctor":"patient_",
	"args": [ {"a":"payment_2015_1"},  {"a":"employee_2015_1"} ]
      },
      {
	"ctor":"patient_",
	"args": [ {"a":"payment_2015_2"},  {"a":"employee_2015_2"} ]
      },
      {
	"ctor":"patient_",
	"args": [ {"a":"payment_2015_3"},  {"a":"employee_2015_3"} ]
      },
      {
	"ctor":"patient_",
	"args": [ {"a":"payment_2015_4"},  {"a":"employee_2015_4"} ]
      },
      {
	"ctor":"patient_",
	"args": [ {"a":"payment_2015_5"},  {"a":"employee_2015_5"} ]
      },
      {
	"ctor":"patient_",
	"args": [ {"a":"payment_2015_6"},  {"a":"employee_2015_6"} ]
      },
      {
	"ctor":"patient_",
	"args": [ {"a":"payment_2015_7"},  {"a":"employee_2015_7"} ]
      },
      {
	"ctor":"patient_",
	"args": [ {"a":"payment_2015_8"},  {"a":"employee_2015_8"} ]
      },
      {
	"ctor":"patient_",
	"args": [ {"a":"payment_2015_9"},  {"a":"employee_2015_9"} ]
      },
      {
	"ctor":"patient_",
	"args": [ {"a":"payment_2015_10"},  {"a":"employee_2015_10"} ]
      },
      {
	"ctor":"patient_",
	"args": [ {"a":"payment_2015_11"},  {"a":"employee_2015_11"} ]
      },
      {
	"ctor":"patient_",
	"args": [ {"a":"payment_2015_12"},  {"a":"employee_2015_12"} ]
      },
      {
	"ctor":"patient_",
	"args": [ {"a":"payment_2015_13"},  {"a":"employee_2015_13"} ]
      },
      {
	"ctor":"patient_",
	"args": [ {"a":"payment_2015_14"},  {"a":"employee_2015_14"} ]
      },
      {
	"ctor":"patient_",
	"args": [ {"a":"payment_2015_15"},  {"a":"employee_2015_15"} ]
      },
      {
	"ctor":"patient_",
	"args": [ {"a":"payment_2015_16"},  {"a":"employee_2015_16"} ]
      },
      {
	"ctor":"patient_",
	"args": [ {"a":"payment_2015_17"},  {"a":"employee_2015_17"} ]
      },
      {
	"ctor":"patient_",
	"args": [ {"a":"payment_2015_18"},  {"a":"employee_2015_18"} ]
      },
      {
	"ctor":"patient_",
	"args": [ {"a":"payment_2015_19"},  {"a":"employee_2015_19"} ]
      },
      {
	"ctor":"patient_",
	"args": [ {"a":"payment_2015_20"},  {"a":"employee_2015_20"} ]
      },
      {
	"ctor":"patient_",
	"args": [ {"a":"payment_2015_21"},  {"a":"employee_2015_21"} ]
      },
      {
	"ctor":"patient_",
	"args": [ {"a":"payment_2015_22"},  {"a":"employee_2015_22"} ]
      },
      {
	"ctor":"patient_",
	"args": [ {"a":"payment_2015_23"},  {"a":"employee_2015_23"} ]
      },
      {
	"ctor":"patient_",
	"args": [ {"a":"payment_2015_24"},  {"a":"employee_2015_24"} ]
      },
      {
	"ctor":"patient_",
	"args": [ {"a":"payment_2015_25"},  {"a":"employee_2015_25"} ]
      },
      {
	"ctor":"patient_",
	"args": [ {"a":"payment_2015_26"},  {"a":"employee_2015_26"} ]
      },
      {
	"ctor":"patient_",
	"args": [ {"a":"payment_2015_27"},  {"a":"employee_2015_27"} ]
      },
      {
	"ctor":"patient_",
	"args": [ {"a":"payment_2015_28"},  {"a":"employee_2015_28"} ]
      },
      {
	"ctor":"patient_",
	"args": [ {"a":"payment_2015_29"},  {"a":"employee_2015_29"} ]
      },
      {
	"ctor":"patient_",
	"args": [ {"a":"payment_2015_30"},  {"a":"employee_2015_30"} ]
      },
      {
	"ctor":"patient_",
	"args": [ {"a":"payment_2015_31"},  {"a":"employee_2015_31"} ]
      },
      {
	"ctor":"patient_",
	"args": [ {"a":"payment_2015_32"},  {"a":"employee_2015_32"} ]
      },
      {
	"ctor":"patient_",
	"args": [ {"a":"payment_2015_33"},  {"a":"employee_2015_33"} ]
      },
      {
	"ctor":"patient_",
	"args": [ {"a":"payment_2015_34"},  {"a":"employee_2015_34"} ]
      },
      {
	"ctor":"patient_",
	"args": [ {"a":"payment_2015_35"},  {"a":"employee_2015_35"} ]
      },
      {
	"ctor":"patient_",
	"args": [ {"a":"payment_2015_36"},  {"a":"employee_2015_36"} ]
      },
      {
	"ctor":"patient_",
	"args": [ {"a":"payment_2015_37"},  {"a":"employee_2015_37"} ]
      },
      {
	"ctor":"patient_",
	"args": [ {"a":"payment_2015_38"},  {"a":"employee_2015_38"} ]
      },
      {
	"ctor":"patient_",
	"args": [ {"a":"payment_2015_39"},  {"a":"employee_2015_39"} ]
      },
      {
	"ctor":"patient_",
	"args": [ {"a":"payment_2015_40"},  {"a":"employee_2015_40"} ]
      },
      {
	"ctor":"patient_",
	"args": [ {"a":"payment_2015_41"},  {"a":"employee_2015_41"} ]
      },
      {
	"ctor":"patient_",
	"args": [ {"a":"payment_2015_42"},  {"a":"employee_2015_42"} ]
      },
      {
	"ctor":"patient_",
	"args": [ {"a":"payment_2015_43"},  {"a":"employee_2015_43"} ]
      },
      {
	"ctor":"patient_",
	"args": [ {"a":"payment_2015_44"},  {"a":"employee_2015_44"} ]
      },
      {
	"ctor":"patient_",
	"args": [ {"a":"payment_2015_45"},  {"a":"employee_2015_45"} ]
      },
      {
	"ctor":"patient_",
	"args": [ {"a":"payment_2015_46"},  {"a":"employee_2015_46"} ]
      },
      {
	"ctor":"patient_",
	"args": [ {"a":"payment_2015_47"},  {"a":"employee_2015_47"} ]
      },
      {
	"ctor":"patient_",
	"args": [ {"a":"payment_2015_48"},  {"a":"employee_2015_48"} ]
      },
      {
	"ctor":"patient_",
	"args": [ {"a":"payment_2015_49"},  {"a":"employee_2015_49"} ]
      },
      {
	"ctor":"patient_",
	"args": [ {"a":"payment_2015_50"},  {"a":"employee_2015_50"} ]
      },
      {
	"ctor":"patient_",
	"args": [ {"a":"payment_2015_51"},  {"a":"employee_2015_51"} ]
      },
      {
	"ctor":"patient_",
	"args": [ {"a":"payment_2015_52"},  {"a":"employee_2015_52"} ]
      },
      {
	"ctor":"patient_",
	"args": [ {"a":"payment_2015_53"},  {"a":"employee_2015_53"} ]
      },
      {
	"ctor":"patient_",
	"args": [ {"a":"payment_2015_54"},  {"a":"employee_2015_54"} ]
      },
      {
	"ctor":"patient_",
	"args": [ {"a":"payment_2015_55"},  {"a":"employee_2015_55"} ]
      },
      {
	"ctor":"patient_",
	"args": [ {"a":"payment_2015_56"},  {"a":"employee_2015_56"} ]
      },
      {
	"ctor":"patient_",
	"args": [ {"a":"payment_2015_57"},  {"a":"employee_2015_57"} ]
      },
      {
	"ctor":"patient_",
	"args": [ {"a":"payment_2015_58"},  {"a":"employee_2015_58"} ]
      },
      {
	"ctor":"patient_",
	"args": [ {"a":"payment_2015_59"},  {"a":"employee_2015_59"} ]
      },
      {
	"ctor":"patient_",
	"args": [ {"a":"payment_2015_60"},  {"a":"employee_2015_60"} ]
      },
      {
	"ctor":"patient_",
	"args": [ {"a":"payment_2015_61"},  {"a":"employee_2015_61"} ]
      },
      {
	"ctor":"patient_",
	"args": [ {"a":"payment_2015_62"},  {"a":"employee_2015_62"} ]
      },
      {
	"ctor":"patient_",
	"args": [ {"a":"payment_2015_63"},  {"a":"employee_2015_63"} ]
      },
      {
	"ctor":"patient_",
	"args": [ {"a":"payment_2015_64"},  {"a":"employee_2015_64"} ]
      },
      {
	"ctor":"patient_",
	"args": [ {"a":"payment_2015_65"},  {"a":"employee_2015_65"} ]
      },
      {
	"ctor":"patient_",
	"args": [ {"a":"payment_2015_66"},  {"a":"employee_2015_66"} ]
      },
      {
	"ctor":"patient_",
	"args": [ {"a":"payment_2015_67"},  {"a":"employee_2015_67"} ]
      },
      {
	"ctor":"patient_",
	"args": [ {"a":"payment_2015_68"},  {"a":"employee_2015_68"} ]
      },
      {
	"ctor":"patient_",
	"args": [ {"a":"payment_2015_69"},  {"a":"employee_2015_69"} ]
      },
      {
	"ctor":"patient_",
	"args": [ {"a":"payment_2015_70"},  {"a":"employee_2015_70"} ]
      },
      {
	"ctor":"patient_",
	"args": [ {"a":"payment_2015_71"},  {"a":"employee_2015_71"} ]
      },
      {
	"ctor":"patient_",
	"args": [ {"a":"payment_2015_72"},  {"a":"employee_2015_72"} ]
      },
      {
	"ctor":"patient_",
	"args": [ {"a":"payment_2015_73"},  {"a":"employee_2015_73"} ]
      },
      {
	"ctor":"patient_",
	"args": [ {"a":"payment_2015_74"},  {"a":"employee_2015_74"} ]
      },
      {
	"ctor":"patient_",
	"args": [ {"a":"payment_2015_75"},  {"a":"employee_2015_75"} ]
      },
      {
	"ctor":"patient_",
	"args": [ {"a":"payment_2015_76"},  {"a":"employee_2015_76"} ]
      },
      {
	"ctor":"patient_",
	"args": [ {"a":"payment_2015_77"},  {"a":"employee_2015_77"} ]
      },
      {
	"ctor":"patient_",
	"args": [ {"a":"payment_2015_78"},  {"a":"employee_2015_78"} ]
      },
      {
	"ctor":"patient_",
	"args": [ {"a":"payment_2015_79"},  {"a":"employee_2015_79"} ]
      },
      {
	"ctor":"patient_",
	"args": [ {"a":"payment_2015_80"},  {"a":"employee_2015_80"} ]
      },
      {
	"ctor":"patient_",
	"args": [ {"a":"payment_2015_81"},  {"a":"employee_2015_81"} ]
      },
      {
	"ctor":"patient_",
	"args": [ {"a":"payment_2015_82"},  {"a":"employee_2015_82"} ]
      },
      {
	"ctor":"patient_",
	"args": [ {"a":"payment_2015_83"},  {"a":"employee_2015_83"} ]
      },
      {
	"ctor":"patient_",
	"args": [ {"a":"payment_2015_84"},  {"a":"employee_2015_84"} ]
      },
      {
	"ctor":"patient_",
	"args": [ {"a":"payment_2015_85"},  {"a":"employee_2015_85"} ]
      },
      {
	"ctor":"patient_",
	"args": [ {"a":"payment_2015_86"},  {"a":"employee_2015_86"} ]
      },
      {
	"ctor":"patient_",
	"args": [ {"a":"payment_2015_87"},  {"a":"employee_2015_87"} ]
      },
      {
	"ctor":"start_",
	"args": [ {"a":"payment_2015_1"}, "2015-12-31" ]
      },
      {
	"ctor":"start_",
	"args": [ {"a":"payment_2015_2"}, "2015-12-31" ]
      },
      {
	"ctor":"start_",
	"args": [ {"a":"payment_2015_3"}, "2015-12-31" ]
      },
      {
	"ctor":"start_",
	"args": [ {"a":"payment_2015_4"}, "2015-12-31" ]
      },
      {
	"ctor":"start_",
	"args": [ {"a":"payment_2015_5"}, "2015-12-31" ]
      },
      {
	"ctor":"start_",
	"args": [ {"a":"payment_2015_6"}, "2015-12-31" ]
      },
      {
	"ctor":"start_",
	"args": [ {"a":"payment_2015_7"}, "2015-12-31" ]
      },
      {
	"ctor":"start_",
	"args": [ {"a":"payment_2015_8"}, "2015-12-31" ]
      },
      {
	"ctor":"start_",
	"args": [ {"a":"payment_2015_9"}, "2015-12-31" ]
      },
      {
	"ctor":"start_",
	"args": [ {"a":"payment_2015_10"}, "2015-12-31" ]
      },
      {
	"ctor":"start_",
	"args": [ {"a":"payment_2015_11"}, "2015-12-31" ]
      },
      {
	"ctor":"start_",
	"args": [ {"a":"payment_2015_12"}, "2015-12-31" ]
      },
      {
	"ctor":"start_",
	"args": [ {"a":"payment_2015_13"}, "2015-12-31" ]
      },
      {
	"ctor":"start_",
	"args": [ {"a":"payment_2015_14"}, "2015-12-31" ]
      },
      {
	"ctor":"start_",
	"args": [ {"a":"payment_2015_15"}, "2015-12-31" ]
      },
      {
	"ctor":"start_",
	"args": [ {"a":"payment_2015_16"}, "2015-12-31" ]
      },
      {
	"ctor":"start_",
	"args": [ {"a":"payment_2015_17"}, "2015-12-31" ]
      },
      {
	"ctor":"start_",
	"args": [ {"a":"payment_2015_18"}, "2015-12-31" ]
      },
      {
	"ctor":"start_",
	"args": [ {"a":"payment_2015_19"}, "2015-12-31" ]
      },
      {
	"ctor":"start_",
	"args": [ {"a":"payment_2015_20"}, "2015-12-31" ]
      },
      {
	"ctor":"start_",
	"args": [ {"a":"payment_2015_21"}, "2015-12-31" ]
      },
      {
	"ctor":"start_",
	"args": [ {"a":"payment_2015_22"}, "2015-12-31" ]
      },
      {
	"ctor":"start_",
	"args": [ {"a":"payment_2015_23"}, "2015-12-31" ]
      },
      {
	"ctor":"start_",
	"args": [ {"a":"payment_2015_24"}, "2015-12-31" ]
      },
      {
	"ctor":"start_",
	"args": [ {"a":"payment_2015_25"}, "2015-12-31" ]
      },
      {
	"ctor":"start_",
	"args": [ {"a":"payment_2015_26"}, "2015-12-31" ]
      },
      {
	"ctor":"start_",
	"args": [ {"a":"payment_2015_27"}, "2015-12-31" ]
      },
      {
	"ctor":"start_",
	"args": [ {"a":"payment_2015_28"}, "2015-12-31" ]
      },
      {
	"ctor":"start_",
	"args": [ {"a":"payment_2015_29"}, "2015-12-31" ]
      },
      {
	"ctor":"start_",
	"args": [ {"a":"payment_2015_30"}, "2015-12-31" ]
      },
      {
	"ctor":"start_",
	"args": [ {"a":"payment_2015_31"}, "2015-12-31" ]
      },
      {
	"ctor":"start_",
	"args": [ {"a":"payment_2015_32"}, "2015-12-31" ]
      },
      {
	"ctor":"start_",
	"args": [ {"a":"payment_2015_33"}, "2015-12-31" ]
      },
      {
	"ctor":"start_",
	"args": [ {"a":"payment_2015_34"}, "2015-12-31" ]
      },
      {
	"ctor":"start_",
	"args": [ {"a":"payment_2015_35"}, "2015-12-31" ]
      },
      {
	"ctor":"start_",
	"args": [ {"a":"payment_2015_36"}, "2015-12-31" ]
      },
      {
	"ctor":"start_",
	"args": [ {"a":"payment_2015_37"}, "2015-12-31" ]
      },
      {
	"ctor":"start_",
	"args": [ {"a":"payment_2015_38"}, "2015-12-31" ]
      },
      {
	"ctor":"start_",
	"args": [ {"a":"payment_2015_39"}, "2015-12-31" ]
      },
      {
	"ctor":"start_",
	"args": [ {"a":"payment_2015_40"}, "2015-12-31" ]
      },
      {
	"ctor":"start_",
	"args": [ {"a":"payment_2015_41"}, "2015-12-31" ]
      },
      {
	"ctor":"start_",
	"args": [ {"a":"payment_2015_42"}, "2015-12-31" ]
      },
      {
	"ctor":"start_",
	"args": [ {"a":"payment_2015_43"}, "2015-12-31" ]
      },
      {
	"ctor":"start_",
	"args": [ {"a":"payment_2015_44"}, "2015-12-31" ]
      },
      {
	"ctor":"start_",
	"args": [ {"a":"payment_2015_45"}, "2015-12-31" ]
      },
      {
	"ctor":"start_",
	"args": [ {"a":"payment_2015_46"}, "2015-12-31" ]
      },
      {
	"ctor":"start_",
	"args": [ {"a":"payment_2015_47"}, "2015-12-31" ]
      },
      {
	"ctor":"start_",
	"args": [ {"a":"payment_2015_48"}, "2015-12-31" ]
      },
      {
	"ctor":"start_",
	"args": [ {"a":"payment_2015_49"}, "2015-12-31" ]
      },
      {
	"ctor":"start_",
	"args": [ {"a":"payment_2015_50"}, "2015-12-31" ]
      },
      {
	"ctor":"start_",
	"args": [ {"a":"payment_2015_51"}, "2015-12-31" ]
      },
      {
	"ctor":"start_",
	"args": [ {"a":"payment_2015_52"}, "2015-12-31" ]
      },
      {
	"ctor":"start_",
	"args": [ {"a":"payment_2015_53"}, "2015-12-31" ]
      },
      {
	"ctor":"start_",
	"args": [ {"a":"payment_2015_54"}, "2015-12-31" ]
      },
      {
	"ctor":"start_",
	"args": [ {"a":"payment_2015_55"}, "2015-12-31" ]
      },
      {
	"ctor":"start_",
	"args": [ {"a":"payment_2015_56"}, "2015-12-31" ]
      },
      {
	"ctor":"start_",
	"args": [ {"a":"payment_2015_57"}, "2015-12-31" ]
      },
      {
	"ctor":"start_",
	"args": [ {"a":"payment_2015_58"}, "2015-12-31" ]
      },
      {
	"ctor":"start_",
	"args": [ {"a":"payment_2015_59"}, "2015-12-31" ]
      },
      {
	"ctor":"start_",
	"args": [ {"a":"payment_2015_60"}, "2015-12-31" ]
      },
      {
	"ctor":"start_",
	"args": [ {"a":"payment_2015_61"}, "2015-12-31" ]
      },
      {
	"ctor":"start_",
	"args": [ {"a":"payment_2015_62"}, "2015-12-31" ]
      },
      {
	"ctor":"start_",
	"args": [ {"a":"payment_2015_63"}, "2015-12-31" ]
      },
      {
	"ctor":"start_",
	"args": [ {"a":"payment_2015_64"}, "2015-12-31" ]
      },
      {
	"ctor":"start_",
	"args": [ {"a":"payment_2015_65"}, "2015-12-31" ]
      },
      {
	"ctor":"start_",
	"args": [ {"a":"payment_2015_66"}, "2015-12-31" ]
      },
      {
	"ctor":"start_",
	"args": [ {"a":"payment_2015_67"}, "2015-12-31" ]
      },
      {
	"ctor":"start_",
	"args": [ {"a":"payment_2015_68"}, "2015-12-31" ]
      },
      {
	"ctor":"start_",
	"args": [ {"a":"payment_2015_69"}, "2015-12-31" ]
      },
      {
	"ctor":"start_",
	"args": [ {"a":"payment_2015_70"}, "2015-12-31" ]
      },
      {
	"ctor":"start_",
	"args": [ {"a":"payment_2015_71"}, "2015-12-31" ]
      },
      {
	"ctor":"start_",
	"args": [ {"a":"payment_2015_72"}, "2015-12-31" ]
      },
      {
	"ctor":"start_",
	"args": [ {"a":"payment_2015_73"}, "2015-12-31" ]
      },
      {
	"ctor":"start_",
	"args": [ {"a":"payment_2015_74"}, "2015-12-31" ]
      },
      {
	"ctor":"start_",
	"args": [ {"a":"payment_2015_75"}, "2015-12-31" ]
      },
      {
	"ctor":"start_",
	"args": [ {"a":"payment_2015_76"}, "2015-12-31" ]
      },
      {
	"ctor":"start_",
	"args": [ {"a":"payment_2015_77"}, "2015-12-31" ]
      },
      {
	"ctor":"start_",
	"args": [ {"a":"payment_2015_78"}, "2015-12-31" ]
      },
      {
	"ctor":"start_",
	"args": [ {"a":"payment_2015_79"}, "2015-12-31" ]
      },
      {
	"ctor":"start_",
	"args": [ {"a":"payment_2015_80"}, "2015-12-31" ]
      },
      {
	"ctor":"start_",
	"args": [ {"a":"payment_2015_81"}, "2015-12-31" ]
      },
      {
	"ctor":"start_",
	"args": [ {"a":"payment_2015_82"}, "2015-12-31" ]
      },
      {
	"ctor":"start_",
	"args": [ {"a":"payment_2015_83"}, "2015-12-31" ]
      },
      {
	"ctor":"start_",
	"args": [ {"a":"payment_2015_84"}, "2015-12-31" ]
      },
      {
	"ctor":"start_",
	"args": [ {"a":"payment_2015_85"}, "2015-12-31" ]
      },
      {
	"ctor":"start_",
	"args": [ {"a":"payment_2015_86"}, "2015-12-31" ]
      },
      {
	"ctor":"start_",
	"args": [ {"a":"payment_2015_87"}, "2015-12-31" ]
      },
      {"ctor":"service_", "args": [ {"a":"workforalice_2016_1"} ]},
      {"ctor":"service_", "args": [ {"a":"workforalice_2016_2"} ]},
      {"ctor":"service_", "args": [ {"a":"workforalice_2016_3"} ]},
      {"ctor":"service_", "args": [ {"a":"workforalice_2016_4"} ]},
      {"ctor":"service_", "args": [ {"a":"workforalice_2016_5"} ]},
      {"ctor":"service_", "args": [ {"a":"workforalice_2016_6"} ]},
      {"ctor":"service_", "args": [ {"a":"workforalice_2016_7"} ]},
      {"ctor":"service_", "args": [ {"a":"workforalice_2016_8"} ]},
      {"ctor":"service_", "args": [ {"a":"workforalice_2016_9"} ]},
      {"ctor":"service_", "args": [ {"a":"workforalice_2016_10"} ]},
      {"ctor":"service_", "args": [ {"a":"workforalice_2016_11"} ]},
      {"ctor":"service_", "args": [ {"a":"workforalice_2016_12"} ]},
      {"ctor":"service_", "args": [ {"a":"workforalice_2016_13"} ]},
      {"ctor":"service_", "args": [ {"a":"workforalice_2016_14"} ]},
      {"ctor":"service_", "args": [ {"a":"workforalice_2016_15"} ]},
      {"ctor":"service_", "args": [ {"a":"workforalice_2016_16"} ]},
      {"ctor":"service_", "args": [ {"a":"workforalice_2016_17"} ]},
      {"ctor":"service_", "args": [ {"a":"workforalice_2016_18"} ]},
      {"ctor":"service_", "args": [ {"a":"workforalice_2016_19"} ]},
      {"ctor":"service_", "args": [ {"a":"workforalice_2016_20"} ]},
      {"ctor":"service_", "args": [ {"a":"workforalice_2016_21"} ]},
      {"ctor":"service_", "args": [ {"a":"workforalice_2016_22"} ]},
      {"ctor":"service_", "args": [ {"a":"workforalice_2016_23"} ]},
      {"ctor":"service_", "args": [ {"a":"workforalice_2016_24"} ]},
      {"ctor":"service_", "args": [ {"a":"workforalice_2016_25"} ]},
      {"ctor":"service_", "args": [ {"a":"workforalice_2016_26"} ]},
      {"ctor":"service_", "args": [ {"a":"workforalice_2016_27"} ]},
      {"ctor":"service_", "args": [ {"a":"workforalice_2016_28"} ]},
      {"ctor":"service_", "args": [ {"a":"workforalice_2016_29"} ]},
      {"ctor":"service_", "args": [ {"a":"workforalice_2016_30"} ]},
      {"ctor":"service_", "args": [ {"a":"workforalice_2016_31"} ]},
      {"ctor":"service_", "args": [ {"a":"workforalice_2016_32"} ]},
      {"ctor":"service_", "args": [ {"a":"workforalice_2016_33"} ]},
      {"ctor":"service_", "args": [ {"a":"workforalice_2016_34"} ]},
      {"ctor":"service_", "args": [ {"a":"workforalice_2016_35"} ]},
      {"ctor":"service_", "args": [ {"a":"workforalice_2016_36"} ]},
      {"ctor":"service_", "args": [ {"a":"workforalice_2016_37"} ]},
      {"ctor":"service_", "args": [ {"a":"workforalice_2016_38"} ]},
      {"ctor":"service_", "args": [ {"a":"workforalice_2016_39"} ]},
      {"ctor":"service_", "args": [ {"a":"workforalice_2016_40"} ]},
      {"ctor":"service_", "args": [ {"a":"workforalice_2016_41"} ]},
      {"ctor":"service_", "args": [ {"a":"workforalice_2016_42"} ]},
      {"ctor":"service_", "args": [ {"a":"workforalice_2016_43"} ]},
      {"ctor":"service_", "args": [ {"a":"workforalice_2016_44"} ]},
      {"ctor":"service_", "args": [ {"a":"workforalice_2016_45"} ]},
      {"ctor":"service_", "args": [ {"a":"workforalice_2016_46"} ]},
      {"ctor":"service_", "args": [ {"a":"workforalice_2016_47"} ]},
      {"ctor":"service_", "args": [ {"a":"workforalice_2016_48"} ]},
      {"ctor":"service_", "args": [ {"a":"workforalice_2016_49"} ]},
      {"ctor":"service_", "args": [ {"a":"workforalice_2016_50"} ]},
      {"ctor":"service_", "args": [ {"a":"workforalice_2016_51"} ]},
      {"ctor":"service_", "args": [ {"a":"workforalice_2016_52"} ]},
      {"ctor":"service_", "args": [ {"a":"workforalice_2016_53"} ]},
      {"ctor":"service_", "args": [ {"a":"workforalice_2016_54"} ]},
      {"ctor":"service_", "args": [ {"a":"workforalice_2016_55"} ]},
      {"ctor":"service_", "args": [ {"a":"workforalice_2016_56"} ]},
      {"ctor":"service_", "args": [ {"a":"workforalice_2016_57"} ]},
      {"ctor":"service_", "args": [ {"a":"workforalice_2016_58"} ]},
      {"ctor":"service_", "args": [ {"a":"workforalice_2016_59"} ]},
      {"ctor":"service_", "args": [ {"a":"workforalice_2016_60"} ]},
      {"ctor":"service_", "args": [ {"a":"workforalice_2016_61"} ]},
      {"ctor":"service_", "args": [ {"a":"workforalice_2016_62"} ]},
      {"ctor":"service_", "args": [ {"a":"workforalice_2016_63"} ]},
      {"ctor":"service_", "args": [ {"a":"workforalice_2016_64"} ]},
      {"ctor":"service_", "args": [ {"a":"workforalice_2016_65"} ]},
      {"ctor":"service_", "args": [ {"a":"workforalice_2016_66"} ]},
      {"ctor":"service_", "args": [ {"a":"workforalice_2016_67"} ]},
      {"ctor":"service_", "args": [ {"a":"workforalice_2016_68"} ]},
      {"ctor":"service_", "args": [ {"a":"workforalice_2016_69"} ]},
      {"ctor":"service_", "args": [ {"a":"workforalice_2016_70"} ]},
      {
	"ctor":"agent_",
	"args": [ {"a":"workforalice_2016_1"},  {"a":"employee_2016_1"} ]
      },
      {
	"ctor":"agent_",
	"args": [ {"a":"workforalice_2016_2"},  {"a":"employee_2016_2"} ]
      },
      {
	"ctor":"agent_",
	"args": [ {"a":"workforalice_2016_3"},  {"a":"employee_2016_3"} ]
      },
      {
	"ctor":"agent_",
	"args": [ {"a":"workforalice_2016_4"},  {"a":"employee_2016_4"} ]
      },
      {
	"ctor":"agent_",
	"args": [ {"a":"workforalice_2016_5"},  {"a":"employee_2016_5"} ]
      },
      {
	"ctor":"agent_",
	"args": [ {"a":"workforalice_2016_6"},  {"a":"employee_2016_6"} ]
      },
      {
	"ctor":"agent_",
	"args": [ {"a":"workforalice_2016_7"},  {"a":"employee_2016_7"} ]
      },
      {
	"ctor":"agent_",
	"args": [ {"a":"workforalice_2016_8"},  {"a":"employee_2016_8"} ]
      },
      {
	"ctor":"agent_",
	"args": [ {"a":"workforalice_2016_9"},  {"a":"employee_2016_9"} ]
      },
      {
	"ctor":"agent_",
	"args": [ {"a":"workforalice_2016_10"},  {"a":"employee_2016_10"} ]
      },
      {
	"ctor":"agent_",
	"args": [ {"a":"workforalice_2016_11"},  {"a":"employee_2016_11"} ]
      },
      {
	"ctor":"agent_",
	"args": [ {"a":"workforalice_2016_12"},  {"a":"employee_2016_12"} ]
      },
      {
	"ctor":"agent_",
	"args": [ {"a":"workforalice_2016_13"},  {"a":"employee_2016_13"} ]
      },
      {
	"ctor":"agent_",
	"args": [ {"a":"workforalice_2016_14"},  {"a":"employee_2016_14"} ]
      },
      {
	"ctor":"agent_",
	"args": [ {"a":"workforalice_2016_15"},  {"a":"employee_2016_15"} ]
      },
      {
	"ctor":"agent_",
	"args": [ {"a":"workforalice_2016_16"},  {"a":"employee_2016_16"} ]
      },
      {
	"ctor":"agent_",
	"args": [ {"a":"workforalice_2016_17"},  {"a":"employee_2016_17"} ]
      },
      {
	"ctor":"agent_",
	"args": [ {"a":"workforalice_2016_18"},  {"a":"employee_2016_18"} ]
      },
      {
	"ctor":"agent_",
	"args": [ {"a":"workforalice_2016_19"},  {"a":"employee_2016_19"} ]
      },
      {
	"ctor":"agent_",
	"args": [ {"a":"workforalice_2016_20"},  {"a":"employee_2016_20"} ]
      },
      {
	"ctor":"agent_",
	"args": [ {"a":"workforalice_2016_21"},  {"a":"employee_2016_21"} ]
      },
      {
	"ctor":"agent_",
	"args": [ {"a":"workforalice_2016_22"},  {"a":"employee_2016_22"} ]
      },
      {
	"ctor":"agent_",
	"args": [ {"a":"workforalice_2016_23"},  {"a":"employee_2016_23"} ]
      },
      {
	"ctor":"agent_",
	"args": [ {"a":"workforalice_2016_24"},  {"a":"employee_2016_24"} ]
      },
      {
	"ctor":"agent_",
	"args": [ {"a":"workforalice_2016_25"},  {"a":"employee_2016_25"} ]
      },
      {
	"ctor":"agent_",
	"args": [ {"a":"workforalice_2016_26"},  {"a":"employee_2016_26"} ]
      },
      {
	"ctor":"agent_",
	"args": [ {"a":"workforalice_2016_27"},  {"a":"employee_2016_27"} ]
      },
      {
	"ctor":"agent_",
	"args": [ {"a":"workforalice_2016_28"},  {"a":"employee_2016_28"} ]
      },
      {
	"ctor":"agent_",
	"args": [ {"a":"workforalice_2016_29"},  {"a":"employee_2016_29"} ]
      },
      {
	"ctor":"agent_",
	"args": [ {"a":"workforalice_2016_30"},  {"a":"employee_2016_30"} ]
      },
      {
	"ctor":"agent_",
	"args": [ {"a":"workforalice_2016_31"},  {"a":"employee_2016_31"} ]
      },
      {
	"ctor":"agent_",
	"args": [ {"a":"workforalice_2016_32"},  {"a":"employee_2016_32"} ]
      },
      {
	"ctor":"agent_",
	"args": [ {"a":"workforalice_2016_33"},  {"a":"employee_2016_33"} ]
      },
      {
	"ctor":"agent_",
	"args": [ {"a":"workforalice_2016_34"},  {"a":"employee_2016_34"} ]
      },
      {
	"ctor":"agent_",
	"args": [ {"a":"workforalice_2016_35"},  {"a":"employee_2016_35"} ]
      },
      {
	"ctor":"agent_",
	"args": [ {"a":"workforalice_2016_36"},  {"a":"employee_2016_36"} ]
      },
      {
	"ctor":"agent_",
	"args": [ {"a":"workforalice_2016_37"},  {"a":"employee_2016_37"} ]
      },
      {
	"ctor":"agent_",
	"args": [ {"a":"workforalice_2016_38"},  {"a":"employee_2016_38"} ]
      },
      {
	"ctor":"agent_",
	"args": [ {"a":"workforalice_2016_39"},  {"a":"employee_2016_39"} ]
      },
      {
	"ctor":"agent_",
	"args": [ {"a":"workforalice_2016_40"},  {"a":"employee_2016_40"} ]
      },
      {
	"ctor":"agent_",
	"args": [ {"a":"workforalice_2016_41"},  {"a":"employee_2016_41"} ]
      },
      {
	"ctor":"agent_",
	"args": [ {"a":"workforalice_2016_42"},  {"a":"employee_2016_42"} ]
      },
      {
	"ctor":"agent_",
	"args": [ {"a":"workforalice_2016_43"},  {"a":"employee_2016_43"} ]
      },
      {
	"ctor":"agent_",
	"args": [ {"a":"workforalice_2016_44"},  {"a":"employee_2016_44"} ]
      },
      {
	"ctor":"agent_",
	"args": [ {"a":"workforalice_2016_45"},  {"a":"employee_2016_45"} ]
      },
      {
	"ctor":"agent_",
	"args": [ {"a":"workforalice_2016_46"},  {"a":"employee_2016_46"} ]
      },
      {
	"ctor":"agent_",
	"args": [ {"a":"workforalice_2016_47"},  {"a":"employee_2016_47"} ]
      },
      {
	"ctor":"agent_",
	"args": [ {"a":"workforalice_2016_48"},  {"a":"employee_2016_48"} ]
      },
      {
	"ctor":"agent_",
	"args": [ {"a":"workforalice_2016_49"},  {"a":"employee_2016_49"} ]
      },
      {
	"ctor":"agent_",
	"args": [ {"a":"workforalice_2016_50"},  {"a":"employee_2016_50"} ]
      },
      {
	"ctor":"agent_",
	"args": [ {"a":"workforalice_2016_51"},  {"a":"employee_2016_51"} ]
      },
      {
	"ctor":"agent_",
	"args": [ {"a":"workforalice_2016_52"},  {"a":"employee_2016_52"} ]
      },
      {
	"ctor":"agent_",
	"args": [ {"a":"workforalice_2016_53"},  {"a":"employee_2016_53"} ]
      },
      {
	"ctor":"agent_",
	"args": [ {"a":"workforalice_2016_54"},  {"a":"employee_2016_54"} ]
      },
      {
	"ctor":"agent_",
	"args": [ {"a":"workforalice_2016_55"},  {"a":"employee_2016_55"} ]
      },
      {
	"ctor":"agent_",
	"args": [ {"a":"workforalice_2016_56"},  {"a":"employee_2016_56"} ]
      },
      {
	"ctor":"agent_",
	"args": [ {"a":"workforalice_2016_57"},  {"a":"employee_2016_57"} ]
      },
      {
	"ctor":"agent_",
	"args": [ {"a":"workforalice_2016_58"},  {"a":"employee_2016_58"} ]
      },
      {
	"ctor":"agent_",
	"args": [ {"a":"workforalice_2016_59"},  {"a":"employee_2016_59"} ]
      },
      {
	"ctor":"agent_",
	"args": [ {"a":"workforalice_2016_60"},  {"a":"employee_2016_60"} ]
      },
      {
	"ctor":"agent_",
	"args": [ {"a":"workforalice_2016_61"},  {"a":"employee_2016_61"} ]
      },
      {
	"ctor":"agent_",
	"args": [ {"a":"workforalice_2016_62"},  {"a":"employee_2016_62"} ]
      },
      {
	"ctor":"agent_",
	"args": [ {"a":"workforalice_2016_63"},  {"a":"employee_2016_63"} ]
      },
      {
	"ctor":"agent_",
	"args": [ {"a":"workforalice_2016_64"},  {"a":"employee_2016_64"} ]
      },
      {
	"ctor":"agent_",
	"args": [ {"a":"workforalice_2016_65"},  {"a":"employee_2016_65"} ]
      },
      {
	"ctor":"agent_",
	"args": [ {"a":"workforalice_2016_66"},  {"a":"employee_2016_66"} ]
      },
      {
	"ctor":"agent_",
	"args": [ {"a":"workforalice_2016_67"},  {"a":"employee_2016_67"} ]
      },
      {
	"ctor":"agent_",
	"args": [ {"a":"workforalice_2016_68"},  {"a":"employee_2016_68"} ]
      },
      {
	"ctor":"agent_",
	"args": [ {"a":"workforalice_2016_69"},  {"a":"employee_2016_69"} ]
      },
      {
	"ctor":"agent_",
	"args": [ {"a":"workforalice_2016_70"},  {"a":"employee_2016_70"} ]
      },
      {
	"ctor":"start_",
	"args": [ {"a":"workforalice_2016_1"}, "2016-01-01" ]
      },
      {
	"ctor":"start_",
	"args": [ {"a":"workforalice_2016_2"}, "2016-01-01" ]
      },
      {
	"ctor":"start_",
	"args": [ {"a":"workforalice_2016_3"}, "2016-01-01" ]
      },
      {
	"ctor":"start_",
	"args": [ {"a":"workforalice_2016_4"}, "2016-01-01" ]
      },
      {
	"ctor":"start_",
	"args": [ {"a":"workforalice_2016_5"}, "2016-01-01" ]
      },
      {
	"ctor":"start_",
	"args": [ {"a":"workforalice_2016_6"}, "2016-01-01" ]
      },
      {
	"ctor":"start_",
	"args": [ {"a":"workforalice_2016_7"}, "2016-01-01" ]
      },
      {
	"ctor":"start_",
	"args": [ {"a":"workforalice_2016_8"}, "2016-01-01" ]
      },
      {
	"ctor":"start_",
	"args": [ {"a":"workforalice_2016_9"}, "2016-01-01" ]
      },
      {
	"ctor":"start_",
	"args": [ {"a":"workforalice_2016_10"}, "2016-01-01" ]
      },
      {
	"ctor":"start_",
	"args": [ {"a":"workforalice_2016_11"}, "2016-01-01" ]
      },
      {
	"ctor":"start_",
	"args": [ {"a":"workforalice_2016_12"}, "2016-01-01" ]
      },
      {
	"ctor":"start_",
	"args": [ {"a":"workforalice_2016_13"}, "2016-01-01" ]
      },
      {
	"ctor":"start_",
	"args": [ {"a":"workforalice_2016_14"}, "2016-01-01" ]
      },
      {
	"ctor":"start_",
	"args": [ {"a":"workforalice_2016_15"}, "2016-01-01" ]
      },
      {
	"ctor":"start_",
	"args": [ {"a":"workforalice_2016_16"}, "2016-01-01" ]
      },
      {
	"ctor":"start_",
	"args": [ {"a":"workforalice_2016_17"}, "2016-01-01" ]
      },
      {
	"ctor":"start_",
	"args": [ {"a":"workforalice_2016_18"}, "2016-01-01" ]
      },
      {
	"ctor":"start_",
	"args": [ {"a":"workforalice_2016_19"}, "2016-01-01" ]
      },
      {
	"ctor":"start_",
	"args": [ {"a":"workforalice_2016_20"}, "2016-01-01" ]
      },
      {
	"ctor":"start_",
	"args": [ {"a":"workforalice_2016_21"}, "2016-01-01" ]
      },
      {
	"ctor":"start_",
	"args": [ {"a":"workforalice_2016_22"}, "2016-01-01" ]
      },
      {
	"ctor":"start_",
	"args": [ {"a":"workforalice_2016_23"}, "2016-01-01" ]
      },
      {
	"ctor":"start_",
	"args": [ {"a":"workforalice_2016_24"}, "2016-01-01" ]
      },
      {
	"ctor":"start_",
	"args": [ {"a":"workforalice_2016_25"}, "2016-01-01" ]
      },
      {
	"ctor":"start_",
	"args": [ {"a":"workforalice_2016_26"}, "2016-01-01" ]
      },
      {
	"ctor":"start_",
	"args": [ {"a":"workforalice_2016_27"}, "2016-01-01" ]
      },
      {
	"ctor":"start_",
	"args": [ {"a":"workforalice_2016_28"}, "2016-01-01" ]
      },
      {
	"ctor":"start_",
	"args": [ {"a":"workforalice_2016_29"}, "2016-01-01" ]
      },
      {
	"ctor":"start_",
	"args": [ {"a":"workforalice_2016_30"}, "2016-01-01" ]
      },
      {
	"ctor":"start_",
	"args": [ {"a":"workforalice_2016_31"}, "2016-01-01" ]
      },
      {
	"ctor":"start_",
	"args": [ {"a":"workforalice_2016_32"}, "2016-01-01" ]
      },
      {
	"ctor":"start_",
	"args": [ {"a":"workforalice_2016_33"}, "2016-01-01" ]
      },
      {
	"ctor":"start_",
	"args": [ {"a":"workforalice_2016_34"}, "2016-01-01" ]
      },
      {
	"ctor":"start_",
	"args": [ {"a":"workforalice_2016_35"}, "2016-01-01" ]
      },
      {
	"ctor":"start_",
	"args": [ {"a":"workforalice_2016_36"}, "2016-01-01" ]
      },
      {
	"ctor":"start_",
	"args": [ {"a":"workforalice_2016_37"}, "2016-01-01" ]
      },
      {
	"ctor":"start_",
	"args": [ {"a":"workforalice_2016_38"}, "2016-01-01" ]
      },
      {
	"ctor":"start_",
	"args": [ {"a":"workforalice_2016_39"}, "2016-01-01" ]
      },
      {
	"ctor":"start_",
	"args": [ {"a":"workforalice_2016_40"}, "2016-01-01" ]
      },
      {
	"ctor":"start_",
	"args": [ {"a":"workforalice_2016_41"}, "2016-01-01" ]
      },
      {
	"ctor":"start_",
	"args": [ {"a":"workforalice_2016_42"}, "2016-01-01" ]
      },
      {
	"ctor":"start_",
	"args": [ {"a":"workforalice_2016_43"}, "2016-01-01" ]
      },
      {
	"ctor":"start_",
	"args": [ {"a":"workforalice_2016_44"}, "2016-01-01" ]
      },
      {
	"ctor":"start_",
	"args": [ {"a":"workforalice_2016_45"}, "2016-01-01" ]
      },
      {
	"ctor":"start_",
	"args": [ {"a":"workforalice_2016_46"}, "2016-01-01" ]
      },
      {
	"ctor":"start_",
	"args": [ {"a":"workforalice_2016_47"}, "2016-01-01" ]
      },
      {
	"ctor":"start_",
	"args": [ {"a":"workforalice_2016_48"}, "2016-01-01" ]
      },
      {
	"ctor":"start_",
	"args": [ {"a":"workforalice_2016_49"}, "2016-01-01" ]
      },
      {
	"ctor":"start_",
	"args": [ {"a":"workforalice_2016_50"}, "2016-01-01" ]
      },
      {
	"ctor":"start_",
	"args": [ {"a":"workforalice_2016_51"}, "2016-01-01" ]
      },
      {
	"ctor":"start_",
	"args": [ {"a":"workforalice_2016_52"}, "2016-01-01" ]
      },
      {
	"ctor":"start_",
	"args": [ {"a":"workforalice_2016_53"}, "2016-01-01" ]
      },
      {
	"ctor":"start_",
	"args": [ {"a":"workforalice_2016_54"}, "2016-01-01" ]
      },
      {
	"ctor":"start_",
	"args": [ {"a":"workforalice_2016_55"}, "2016-01-01" ]
      },
      {
	"ctor":"start_",
	"args": [ {"a":"workforalice_2016_56"}, "2016-01-01" ]
      },
      {
	"ctor":"start_",
	"args": [ {"a":"workforalice_2016_57"}, "2016-01-01" ]
      },
      {
	"ctor":"start_",
	"args": [ {"a":"workforalice_2016_58"}, "2016-01-01" ]
      },
      {
	"ctor":"start_",
	"args": [ {"a":"workforalice_2016_59"}, "2016-01-01" ]
      },
      {
	"ctor":"start_",
	"args": [ {"a":"workforalice_2016_60"}, "2016-01-01" ]
      },
      {
	"ctor":"start_",
	"args": [ {"a":"workforalice_2016_61"}, "2016-01-01" ]
      },
      {
	"ctor":"start_",
	"args": [ {"a":"workforalice_2016_62"}, "2016-01-01" ]
      },
      {
	"ctor":"start_",
	"args": [ {"a":"workforalice_2016_63"}, "2016-01-01" ]
      },
      {
	"ctor":"start_",
	"args": [ {"a":"workforalice_2016_64"}, "2016-01-01" ]
      },
      {
	"ctor":"start_",
	"args": [ {"a":"workforalice_2016_65"}, "2016-01-01" ]
      },
      {
	"ctor":"start_",
	"args": [ {"a":"workforalice_2016_66"}, "2016-01-01" ]
      },
      {
	"ctor":"start_",
	"args": [ {"a":"workforalice_2016_67"}, "2016-01-01" ]
      },
      {
	"ctor":"start_",
	"args": [ {"a":"workforalice_2016_68"}, "2016-01-01" ]
      },
      {
	"ctor":"start_",
	"args": [ {"a":"workforalice_2016_69"}, "2016-01-01" ]
      },
      {
	"ctor":"start_",
	"args": [ {"a":"workforalice_2016_70"}, "2016-01-01" ]
      },
      {
	"ctor":"end_",
	"args": [ {"a":"workforalice_2016_1"}, "2016-12-31" ]
      },
      {
	"ctor":"end_",
	"args": [ {"a":"workforalice_2016_2"}, "2016-12-31" ]
      },
      {
	"ctor":"end_",
	"args": [ {"a":"workforalice_2016_3"}, "2016-12-31" ]
      },
      {
	"ctor":"end_",
	"args": [ {"a":"workforalice_2016_4"}, "2016-12-31" ]
      },
      {
	"ctor":"end_",
	"args": [ {"a":"workforalice_2016_5"}, "2016-12-31" ]
      },
      {
	"ctor":"end_",
	"args": [ {"a":"workforalice_2016_6"}, "2016-12-31" ]
      },
      {
	"ctor":"end_",
	"args": [ {"a":"workforalice_2016_7"}, "2016-12-31" ]
      },
      {
	"ctor":"end_",
	"args": [ {"a":"workforalice_2016_8"}, "2016-12-31" ]
      },
      {
	"ctor":"end_",
	"args": [ {"a":"workforalice_2016_9"}, "2016-12-31" ]
      },
      {
	"ctor":"end_",
	"args": [ {"a":"workforalice_2016_10"}, "2016-12-31" ]
      },
      {
	"ctor":"end_",
	"args": [ {"a":"workforalice_2016_11"}, "2016-12-31" ]
      },
      {
	"ctor":"end_",
	"args": [ {"a":"workforalice_2016_12"}, "2016-12-31" ]
      },
      {
	"ctor":"end_",
	"args": [ {"a":"workforalice_2016_13"}, "2016-12-31" ]
      },
      {
	"ctor":"end_",
	"args": [ {"a":"workforalice_2016_14"}, "2016-12-31" ]
      },
      {
	"ctor":"end_",
	"args": [ {"a":"workforalice_2016_15"}, "2016-12-31" ]
      },
      {
	"ctor":"end_",
	"args": [ {"a":"workforalice_2016_16"}, "2016-12-31" ]
      },
      {
	"ctor":"end_",
	"args": [ {"a":"workforalice_2016_17"}, "2016-12-31" ]
      },
      {
	"ctor":"end_",
	"args": [ {"a":"workforalice_2016_18"}, "2016-12-31" ]
      },
      {
	"ctor":"end_",
	"args": [ {"a":"workforalice_2016_19"}, "2016-12-31" ]
      },
      {
	"ctor":"end_",
	"args": [ {"a":"workforalice_2016_20"}, "2016-12-31" ]
      },
      {
	"ctor":"end_",
	"args": [ {"a":"workforalice_2016_21"}, "2016-12-31" ]
      },
      {
	"ctor":"end_",
	"args": [ {"a":"workforalice_2016_22"}, "2016-12-31" ]
      },
      {
	"ctor":"end_",
	"args": [ {"a":"workforalice_2016_23"}, "2016-12-31" ]
      },
      {
	"ctor":"end_",
	"args": [ {"a":"workforalice_2016_24"}, "2016-12-31" ]
      },
      {
	"ctor":"end_",
	"args": [ {"a":"workforalice_2016_25"}, "2016-12-31" ]
      },
      {
	"ctor":"end_",
	"args": [ {"a":"workforalice_2016_26"}, "2016-12-31" ]
      },
      {
	"ctor":"end_",
	"args": [ {"a":"workforalice_2016_27"}, "2016-12-31" ]
      },
      {
	"ctor":"end_",
	"args": [ {"a":"workforalice_2016_28"}, "2016-12-31" ]
      },
      {
	"ctor":"end_",
	"args": [ {"a":"workforalice_2016_29"}, "2016-12-31" ]
      },
      {
	"ctor":"end_",
	"args": [ {"a":"workforalice_2016_30"}, "2016-12-31" ]
      },
      {
	"ctor":"end_",
	"args": [ {"a":"workforalice_2016_31"}, "2016-12-31" ]
      },
      {
	"ctor":"end_",
	"args": [ {"a":"workforalice_2016_32"}, "2016-12-31" ]
      },
      {
	"ctor":"end_",
	"args": [ {"a":"workforalice_2016_33"}, "2016-12-31" ]
      },
      {
	"ctor":"end_",
	"args": [ {"a":"workforalice_2016_34"}, "2016-12-31" ]
      },
      {
	"ctor":"end_",
	"args": [ {"a":"workforalice_2016_35"}, "2016-12-31" ]
      },
      {
	"ctor":"end_",
	"args": [ {"a":"workforalice_2016_36"}, "2016-12-31" ]
      },
      {
	"ctor":"end_",
	"args": [ {"a":"workforalice_2016_37"}, "2016-12-31" ]
      },
      {
	"ctor":"end_",
	"args": [ {"a":"workforalice_2016_38"}, "2016-12-31" ]
      },
      {
	"ctor":"end_",
	"args": [ {"a":"workforalice_2016_39"}, "2016-12-31" ]
      },
      {
	"ctor":"end_",
	"args": [ {"a":"workforalice_2016_40"}, "2016-12-31" ]
      },
      {
	"ctor":"end_",
	"args": [ {"a":"workforalice_2016_41"}, "2016-12-31" ]
      },
      {
	"ctor":"end_",
	"args": [ {"a":"workforalice_2016_42"}, "2016-12-31" ]
      },
      {
	"ctor":"end_",
	"args": [ {"a":"workforalice_2016_43"}, "2016-12-31" ]
      },
      {
	"ctor":"end_",
	"args": [ {"a":"workforalice_2016_44"}, "2016-12-31" ]
      },
      {
	"ctor":"end_",
	"args": [ {"a":"workforalice_2016_45"}, "2016-12-31" ]
      },
      {
	"ctor":"end_",
	"args": [ {"a":"workforalice_2016_46"}, "2016-12-31" ]
      },
      {
	"ctor":"end_",
	"args": [ {"a":"workforalice_2016_47"}, "2016-12-31" ]
      },
      {
	"ctor":"end_",
	"args": [ {"a":"workforalice_2016_48"}, "2016-12-31" ]
      },
      {
	"ctor":"end_",
	"args": [ {"a":"workforalice_2016_49"}, "2016-12-31" ]
      },
      {
	"ctor":"end_",
	"args": [ {"a":"workforalice_2016_50"}, "2016-12-31" ]
      },
      {
	"ctor":"end_",
	"args": [ {"a":"workforalice_2016_51"}, "2016-12-31" ]
      },
      {
	"ctor":"end_",
	"args": [ {"a":"workforalice_2016_52"}, "2016-12-31" ]
      },
      {
	"ctor":"end_",
	"args": [ {"a":"workforalice_2016_53"}, "2016-12-31" ]
      },
      {
	"ctor":"end_",
	"args": [ {"a":"workforalice_2016_54"}, "2016-12-31" ]
      },
      {
	"ctor":"end_",
	"args": [ {"a":"workforalice_2016_55"}, "2016-12-31" ]
      },
      {
	"ctor":"end_",
	"args": [ {"a":"workforalice_2016_56"}, "2016-12-31" ]
      },
      {
	"ctor":"end_",
	"args": [ {"a":"workforalice_2016_57"}, "2016-12-31" ]
      },
      {
	"ctor":"end_",
	"args": [ {"a":"workforalice_2016_58"}, "2016-12-31" ]
      },
      {
	"ctor":"end_",
	"args": [ {"a":"workforalice_2016_59"}, "2016-12-31" ]
      },
      {
	"ctor":"end_",
	"args": [ {"a":"workforalice_2016_60"}, "2016-12-31" ]
      },
      {
	"ctor":"end_",
	"args": [ {"a":"workforalice_2016_61"}, "2016-12-31" ]
      },
      {
	"ctor":"end_",
	"args": [ {"a":"workforalice_2016_62"}, "2016-12-31" ]
      },
      {
	"ctor":"end_",
	"args": [ {"a":"workforalice_2016_63"}, "2016-12-31" ]
      },
      {
	"ctor":"end_",
	"args": [ {"a":"workforalice_2016_64"}, "2016-12-31" ]
      },
      {
	"ctor":"end_",
	"args": [ {"a":"workforalice_2016_65"}, "2016-12-31" ]
      },
      {
	"ctor":"end_",
	"args": [ {"a":"workforalice_2016_66"}, "2016-12-31" ]
      },
      {
	"ctor":"end_",
	"args": [ {"a":"workforalice_2016_67"}, "2016-12-31" ]
      },
      {
	"ctor":"end_",
	"args": [ {"a":"workforalice_2016_68"}, "2016-12-31" ]
      },
      {
	"ctor":"end_",
	"args": [ {"a":"workforalice_2016_69"}, "2016-12-31" ]
      },
      {
	"ctor":"end_",
	"args": [ {"a":"workforalice_2016_70"}, "2016-12-31" ]
      },
      {"ctor":"payment_", "args": [ {"a":"payment_2016_1"} ]},
      {"ctor":"payment_", "args": [ {"a":"payment_2016_2"} ]},
      {"ctor":"payment_", "args": [ {"a":"payment_2016_3"} ]},
      {"ctor":"payment_", "args": [ {"a":"payment_2016_4"} ]},
      {"ctor":"payment_", "args": [ {"a":"payment_2016_5"} ]},
      {"ctor":"payment_", "args": [ {"a":"payment_2016_6"} ]},
      {"ctor":"payment_", "args": [ {"a":"payment_2016_7"} ]},
      {"ctor":"payment_", "args": [ {"a":"payment_2016_8"} ]},
      {"ctor":"payment_", "args": [ {"a":"payment_2016_9"} ]},
      {"ctor":"payment_", "args": [ {"a":"payment_2016_10"} ]},
      {"ctor":"payment_", "args": [ {"a":"payment_2016_11"} ]},
      {"ctor":"payment_", "args": [ {"a":"payment_2016_12"} ]},
      {"ctor":"payment_", "args": [ {"a":"payment_2016_13"} ]},
      {"ctor":"payment_", "args": [ {"a":"payment_2016_14"} ]},
      {"ctor":"payment_", "args": [ {"a":"payment_2016_15"} ]},
      {"ctor":"payment_", "args": [ {"a":"payment_2016_16"} ]},
      {"ctor":"payment_", "args": [ {"a":"payment_2016_17"} ]},
      {"ctor":"payment_", "args": [ {"a":"payment_2016_18"} ]},
      {"ctor":"payment_", "args": [ {"a":"payment_2016_19"} ]},
      {"ctor":"payment_", "args": [ {"a":"payment_2016_20"} ]},
      {"ctor":"payment_", "args": [ {"a":"payment_2016_21"} ]},
      {"ctor":"payment_", "args": [ {"a":"payment_2016_22"} ]},
      {"ctor":"payment_", "args": [ {"a":"payment_2016_23"} ]},
      {"ctor":"payment_", "args": [ {"a":"payment_2016_24"} ]},
      {"ctor":"payment_", "args": [ {"a":"payment_2016_25"} ]},
      {"ctor":"payment_", "args": [ {"a":"payment_2016_26"} ]},
      {"ctor":"payment_", "args": [ {"a":"payment_2016_27"} ]},
      {"ctor":"payment_", "args": [ {"a":"payment_2016_28"} ]},
      {"ctor":"payment_", "args": [ {"a":"payment_2016_29"} ]},
      {"ctor":"payment_", "args": [ {"a":"payment_2016_30"} ]},
      {"ctor":"payment_", "args": [ {"a":"payment_2016_31"} ]},
      {"ctor":"payment_", "args": [ {"a":"payment_2016_32"} ]},
      {"ctor":"payment_", "args": [ {"a":"payment_2016_33"} ]},
      {"ctor":"payment_", "args": [ {"a":"payment_2016_34"} ]},
      {"ctor":"payment_", "args": [ {"a":"payment_2016_35"} ]},
      {"ctor":"payment_", "args": [ {"a":"payment_2016_36"} ]},
      {"ctor":"payment_", "args": [ {"a":"payment_2016_37"} ]},
      {"ctor":"payment_", "args": [ {"a":"payment_2016_38"} ]},
      {"ctor":"payment_", "args": [ {"a":"payment_2016_39"} ]},
      {"ctor":"payment_", "args": [ {"a":"payment_2016_40"} ]},
      {"ctor":"payment_", "args": [ {"a":"payment_2016_41"} ]},
      {"ctor":"payment_", "args": [ {"a":"payment_2016_42"} ]},
      {"ctor":"payment_", "args": [ {"a":"payment_2016_43"} ]},
      {"ctor":"payment_", "args": [ {"a":"payment_2016_44"} ]},
      {"ctor":"payment_", "args": [ {"a":"payment_2016_45"} ]},
      {"ctor":"payment_", "args": [ {"a":"payment_2016_46"} ]},
      {"ctor":"payment_", "args": [ {"a":"payment_2016_47"} ]},
      {"ctor":"payment_", "args": [ {"a":"payment_2016_48"} ]},
      {"ctor":"payment_", "args": [ {"a":"payment_2016_49"} ]},
      {"ctor":"payment_", "args": [ {"a":"payment_2016_50"} ]},
      {"ctor":"payment_", "args": [ {"a":"payment_2016_51"} ]},
      {"ctor":"payment_", "args": [ {"a":"payment_2016_52"} ]},
      {"ctor":"payment_", "args": [ {"a":"payment_2016_53"} ]},
      {"ctor":"payment_", "args": [ {"a":"payment_2016_54"} ]},
      {"ctor":"payment_", "args": [ {"a":"payment_2016_55"} ]},
      {"ctor":"payment_", "args": [ {"a":"payment_2016_56"} ]},
      {"ctor":"payment_", "args": [ {"a":"payment_2016_57"} ]},
      {"ctor":"payment_", "args": [ {"a":"payment_2016_58"} ]},
      {"ctor":"payment_", "args": [ {"a":"payment_2016_59"} ]},
      {"ctor":"payment_", "args": [ {"a":"payment_2016_60"} ]},
      {"ctor":"payment_", "args": [ {"a":"payment_2016_61"} ]},
      {"ctor":"payment_", "args": [ {"a":"payment_2016_62"} ]},
      {"ctor":"payment_", "args": [ {"a":"payment_2016_63"} ]},
      {"ctor":"payment_", "args": [ {"a":"payment_2016_64"} ]},
      {"ctor":"payment_", "args": [ {"a":"payment_2016_65"} ]},
      {"ctor":"payment_", "args": [ {"a":"payment_2016_66"} ]},
      {"ctor":"payment_", "args": [ {"a":"payment_2016_67"} ]},
      {"ctor":"payment_", "args": [ {"a":"payment_2016_68"} ]},
      {"ctor":"payment_", "args": [ {"a":"payment_2016_69"} ]},
      {"ctor":"payment_", "args": [ {"a":"payment_2016_70"} ]},
      {"ctor":"amount_", "args": [ {"a":"payment_2016_1"}, 6341 ]},
      {"ctor":"amount_", "args": [ {"a":"payment_2016_2"}, 6341 ]},
      {"ctor":"amount_", "args": [ {"a":"payment_2016_3"}, 6341 ]},
      {"ctor":"amount_", "args": [ {"a":"payment_2016_4"}, 6341 ]},
      {"ctor":"amount_", "args": [ {"a":"payment_2016_5"}, 6341 ]},
      {"ctor":"amount_", "args": [ {"a":"payment_2016_6"}, 6341 ]},
      {"ctor":"amount_", "args": [ {"a":"payment_2016_7"}, 6341 ]},
      {"ctor":"amount_", "args": [ {"a":"payment_2016_8"}, 6341 ]},
      {"ctor":"amount_", "args": [ {"a":"payment_2016_9"}, 6341 ]},
      {"ctor":"amount_", "args": [ {"a":"payment_2016_10"}, 6341 ]},
      {"ctor":"amount_", "args": [ {"a":"payment_2016_11"}, 6341 ]},
      {"ctor":"amount_", "args": [ {"a":"payment_2016_12"}, 6341 ]},
      {"ctor":"amount_", "args": [ {"a":"payment_2016_13"}, 6341 ]},
      {"ctor":"amount_", "args": [ {"a":"payment_2016_14"}, 6341 ]},
      {"ctor":"amount_", "args": [ {"a":"payment_2016_15"}, 6341 ]},
      {"ctor":"amount_", "args": [ {"a":"payment_2016_16"}, 6341 ]},
      {"ctor":"amount_", "args": [ {"a":"payment_2016_17"}, 6341 ]},
      {"ctor":"amount_", "args": [ {"a":"payment_2016_18"}, 6341 ]},
      {"ctor":"amount_", "args": [ {"a":"payment_2016_19"}, 6341 ]},
      {"ctor":"amount_", "args": [ {"a":"payment_2016_20"}, 6341 ]},
      {"ctor":"amount_", "args": [ {"a":"payment_2016_21"}, 6341 ]},
      {"ctor":"amount_", "args": [ {"a":"payment_2016_22"}, 6341 ]},
      {"ctor":"amount_", "args": [ {"a":"payment_2016_23"}, 6341 ]},
      {"ctor":"amount_", "args": [ {"a":"payment_2016_24"}, 6341 ]},
      {"ctor":"amount_", "args": [ {"a":"payment_2016_25"}, 6341 ]},
      {"ctor":"amount_", "args": [ {"a":"payment_2016_26"}, 6341 ]},
      {"ctor":"amount_", "args": [ {"a":"payment_2016_27"}, 6341 ]},
      {"ctor":"amount_", "args": [ {"a":"payment_2016_28"}, 6341 ]},
      {"ctor":"amount_", "args": [ {"a":"payment_2016_29"}, 6341 ]},
      {"ctor":"amount_", "args": [ {"a":"payment_2016_30"}, 6341 ]},
      {"ctor":"amount_", "args": [ {"a":"payment_2016_31"}, 6341 ]},
      {"ctor":"amount_", "args": [ {"a":"payment_2016_32"}, 6341 ]},
      {"ctor":"amount_", "args": [ {"a":"payment_2016_33"}, 6341 ]},
      {"ctor":"amount_", "args": [ {"a":"payment_2016_34"}, 6341 ]},
      {"ctor":"amount_", "args": [ {"a":"payment_2016_35"}, 6341 ]},
      {"ctor":"amount_", "args": [ {"a":"payment_2016_36"}, 6341 ]},
      {"ctor":"amount_", "args": [ {"a":"payment_2016_37"}, 6341 ]},
      {"ctor":"amount_", "args": [ {"a":"payment_2016_38"}, 6341 ]},
      {"ctor":"amount_", "args": [ {"a":"payment_2016_39"}, 6341 ]},
      {"ctor":"amount_", "args": [ {"a":"payment_2016_40"}, 6341 ]},
      {"ctor":"amount_", "args": [ {"a":"payment_2016_41"}, 6341 ]},
      {"ctor":"amount_", "args": [ {"a":"payment_2016_42"}, 6341 ]},
      {"ctor":"amount_", "args": [ {"a":"payment_2016_43"}, 6341 ]},
      {"ctor":"amount_", "args": [ {"a":"payment_2016_44"}, 6341 ]},
      {"ctor":"amount_", "args": [ {"a":"payment_2016_45"}, 6341 ]},
      {"ctor":"amount_", "args": [ {"a":"payment_2016_46"}, 6341 ]},
      {"ctor":"amount_", "args": [ {"a":"payment_2016_47"}, 6341 ]},
      {"ctor":"amount_", "args": [ {"a":"payment_2016_48"}, 6341 ]},
      {"ctor":"amount_", "args": [ {"a":"payment_2016_49"}, 6341 ]},
      {"ctor":"amount_", "args": [ {"a":"payment_2016_50"}, 6341 ]},
      {"ctor":"amount_", "args": [ {"a":"payment_2016_51"}, 6341 ]},
      {"ctor":"amount_", "args": [ {"a":"payment_2016_52"}, 6341 ]},
      {"ctor":"amount_", "args": [ {"a":"payment_2016_53"}, 6341 ]},
      {"ctor":"amount_", "args": [ {"a":"payment_2016_54"}, 6341 ]},
      {"ctor":"amount_", "args": [ {"a":"payment_2016_55"}, 6341 ]},
      {"ctor":"amount_", "args": [ {"a":"payment_2016_56"}, 6341 ]},
      {"ctor":"amount_", "args": [ {"a":"payment_2016_57"}, 6341 ]},
      {"ctor":"amount_", "args": [ {"a":"payment_2016_58"}, 6341 ]},
      {"ctor":"amount_", "args": [ {"a":"payment_2016_59"}, 6341 ]},
      {"ctor":"amount_", "args": [ {"a":"payment_2016_60"}, 6341 ]},
      {"ctor":"amount_", "args": [ {"a":"payment_2016_61"}, 6341 ]},
      {"ctor":"amount_", "args": [ {"a":"payment_2016_62"}, 6341 ]},
      {"ctor":"amount_", "args": [ {"a":"payment_2016_63"}, 6341 ]},
      {"ctor":"amount_", "args": [ {"a":"payment_2016_64"}, 6341 ]},
      {"ctor":"amount_", "args": [ {"a":"payment_2016_65"}, 6341 ]},
      {"ctor":"amount_", "args": [ {"a":"payment_2016_66"}, 6341 ]},
      {"ctor":"amount_", "args": [ {"a":"payment_2016_67"}, 6341 ]},
      {"ctor":"amount_", "args": [ {"a":"payment_2016_68"}, 6341 ]},
      {"ctor":"amount_", "args": [ {"a":"payment_2016_69"}, 6341 ]},
      {"ctor":"amount_", "args": [ {"a":"payment_2016_70"}, 6341 ]},
      {
	"ctor":"patient_",
	"args": [ {"a":"payment_2016_1"},  {"a":"employee_2016_1"} ]
      },
      {
	"ctor":"patient_",
	"args": [ {"a":"payment_2016_2"},  {"a":"employee_2016_2"} ]
      },
      {
	"ctor":"patient_",
	"args": [ {"a":"payment_2016_3"},  {"a":"employee_2016_3"} ]
      },
      {
	"ctor":"patient_",
	"args": [ {"a":"payment_2016_4"},  {"a":"employee_2016_4"} ]
      },
      {
	"ctor":"patient_",
	"args": [ {"a":"payment_2016_5"},  {"a":"employee_2016_5"} ]
      },
      {
	"ctor":"patient_",
	"args": [ {"a":"payment_2016_6"},  {"a":"employee_2016_6"} ]
      },
      {
	"ctor":"patient_",
	"args": [ {"a":"payment_2016_7"},  {"a":"employee_2016_7"} ]
      },
      {
	"ctor":"patient_",
	"args": [ {"a":"payment_2016_8"},  {"a":"employee_2016_8"} ]
      },
      {
	"ctor":"patient_",
	"args": [ {"a":"payment_2016_9"},  {"a":"employee_2016_9"} ]
      },
      {
	"ctor":"patient_",
	"args": [ {"a":"payment_2016_10"},  {"a":"employee_2016_10"} ]
      },
      {
	"ctor":"patient_",
	"args": [ {"a":"payment_2016_11"},  {"a":"employee_2016_11"} ]
      },
      {
	"ctor":"patient_",
	"args": [ {"a":"payment_2016_12"},  {"a":"employee_2016_12"} ]
      },
      {
	"ctor":"patient_",
	"args": [ {"a":"payment_2016_13"},  {"a":"employee_2016_13"} ]
      },
      {
	"ctor":"patient_",
	"args": [ {"a":"payment_2016_14"},  {"a":"employee_2016_14"} ]
      },
      {
	"ctor":"patient_",
	"args": [ {"a":"payment_2016_15"},  {"a":"employee_2016_15"} ]
      },
      {
	"ctor":"patient_",
	"args": [ {"a":"payment_2016_16"},  {"a":"employee_2016_16"} ]
      },
      {
	"ctor":"patient_",
	"args": [ {"a":"payment_2016_17"},  {"a":"employee_2016_17"} ]
      },
      {
	"ctor":"patient_",
	"args": [ {"a":"payment_2016_18"},  {"a":"employee_2016_18"} ]
      },
      {
	"ctor":"patient_",
	"args": [ {"a":"payment_2016_19"},  {"a":"employee_2016_19"} ]
      },
      {
	"ctor":"patient_",
	"args": [ {"a":"payment_2016_20"},  {"a":"employee_2016_20"} ]
      },
      {
	"ctor":"patient_",
	"args": [ {"a":"payment_2016_21"},  {"a":"employee_2016_21"} ]
      },
      {
	"ctor":"patient_",
	"args": [ {"a":"payment_2016_22"},  {"a":"employee_2016_22"} ]
      },
      {
	"ctor":"patient_",
	"args": [ {"a":"payment_2016_23"},  {"a":"employee_2016_23"} ]
      },
      {
	"ctor":"patient_",
	"args": [ {"a":"payment_2016_24"},  {"a":"employee_2016_24"} ]
      },
      {
	"ctor":"patient_",
	"args": [ {"a":"payment_2016_25"},  {"a":"employee_2016_25"} ]
      },
      {
	"ctor":"patient_",
	"args": [ {"a":"payment_2016_26"},  {"a":"employee_2016_26"} ]
      },
      {
	"ctor":"patient_",
	"args": [ {"a":"payment_2016_27"},  {"a":"employee_2016_27"} ]
      },
      {
	"ctor":"patient_",
	"args": [ {"a":"payment_2016_28"},  {"a":"employee_2016_28"} ]
      },
      {
	"ctor":"patient_",
	"args": [ {"a":"payment_2016_29"},  {"a":"employee_2016_29"} ]
      },
      {
	"ctor":"patient_",
	"args": [ {"a":"payment_2016_30"},  {"a":"employee_2016_30"} ]
      },
      {
	"ctor":"patient_",
	"args": [ {"a":"payment_2016_31"},  {"a":"employee_2016_31"} ]
      },
      {
	"ctor":"patient_",
	"args": [ {"a":"payment_2016_32"},  {"a":"employee_2016_32"} ]
      },
      {
	"ctor":"patient_",
	"args": [ {"a":"payment_2016_33"},  {"a":"employee_2016_33"} ]
      },
      {
	"ctor":"patient_",
	"args": [ {"a":"payment_2016_34"},  {"a":"employee_2016_34"} ]
      },
      {
	"ctor":"patient_",
	"args": [ {"a":"payment_2016_35"},  {"a":"employee_2016_35"} ]
      },
      {
	"ctor":"patient_",
	"args": [ {"a":"payment_2016_36"},  {"a":"employee_2016_36"} ]
      },
      {
	"ctor":"patient_",
	"args": [ {"a":"payment_2016_37"},  {"a":"employee_2016_37"} ]
      },
      {
	"ctor":"patient_",
	"args": [ {"a":"payment_2016_38"},  {"a":"employee_2016_38"} ]
      },
      {
	"ctor":"patient_",
	"args": [ {"a":"payment_2016_39"},  {"a":"employee_2016_39"} ]
      },
      {
	"ctor":"patient_",
	"args": [ {"a":"payment_2016_40"},  {"a":"employee_2016_40"} ]
      },
      {
	"ctor":"patient_",
	"args": [ {"a":"payment_2016_41"},  {"a":"employee_2016_41"} ]
      },
      {
	"ctor":"patient_",
	"args": [ {"a":"payment_2016_42"},  {"a":"employee_2016_42"} ]
      },
      {
	"ctor":"patient_",
	"args": [ {"a":"payment_2016_43"},  {"a":"employee_2016_43"} ]
      },
      {
	"ctor":"patient_",
	"args": [ {"a":"payment_2016_44"},  {"a":"employee_2016_44"} ]
      },
      {
	"ctor":"patient_",
	"args": [ {"a":"payment_2016_45"},  {"a":"employee_2016_45"} ]
      },
      {
	"ctor":"patient_",
	"args": [ {"a":"payment_2016_46"},  {"a":"employee_2016_46"} ]
      },
      {
	"ctor":"patient_",
	"args": [ {"a":"payment_2016_47"},  {"a":"employee_2016_47"} ]
      },
      {
	"ctor":"patient_",
	"args": [ {"a":"payment_2016_48"},  {"a":"employee_2016_48"} ]
      },
      {
	"ctor":"patient_",
	"args": [ {"a":"payment_2016_49"},  {"a":"employee_2016_49"} ]
      },
      {
	"ctor":"patient_",
	"args": [ {"a":"payment_2016_50"},  {"a":"employee_2016_50"} ]
      },
      {
	"ctor":"patient_",
	"args": [ {"a":"payment_2016_51"},  {"a":"employee_2016_51"} ]
      },
      {
	"ctor":"patient_",
	"args": [ {"a":"payment_2016_52"},  {"a":"employee_2016_52"} ]
      },
      {
	"ctor":"patient_",
	"args": [ {"a":"payment_2016_53"},  {"a":"employee_2016_53"} ]
      },
      {
	"ctor":"patient_",
	"args": [ {"a":"payment_2016_54"},  {"a":"employee_2016_54"} ]
      },
      {
	"ctor":"patient_",
	"args": [ {"a":"payment_2016_55"},  {"a":"employee_2016_55"} ]
      },
      {
	"ctor":"patient_",
	"args": [ {"a":"payment_2016_56"},  {"a":"employee_2016_56"} ]
      },
      {
	"ctor":"patient_",
	"args": [ {"a":"payment_2016_57"},  {"a":"employee_2016_57"} ]
      },
      {
	"ctor":"patient_",
	"args": [ {"a":"payment_2016_58"},  {"a":"employee_2016_58"} ]
      },
      {
	"ctor":"patient_",
	"args": [ {"a":"payment_2016_59"},  {"a":"employee_2016_59"} ]
      },
      {
	"ctor":"patient_",
	"args": [ {"a":"payment_2016_60"},  {"a":"employee_2016_60"} ]
      },
      {
	"ctor":"patient_",
	"args": [ {"a":"payment_2016_61"},  {"a":"employee_2016_61"} ]
      },
      {
	"ctor":"patient_",
	"args": [ {"a":"payment_2016_62"},  {"a":"employee_2016_62"} ]
      },
      {
	"ctor":"patient_",
	"args": [ {"a":"payment_2016_63"},  {"a":"employee_2016_63"} ]
      },
      {
	"ctor":"patient_",
	"args": [ {"a":"payment_2016_64"},  {"a":"employee_2016_64"} ]
      },
      {
	"ctor":"patient_",
	"args": [ {"a":"payment_2016_65"},  {"a":"employee_2016_65"} ]
      },
      {
	"ctor":"patient_",
	"args": [ {"a":"payment_2016_66"},  {"a":"employee_2016_66"} ]
      },
      {
	"ctor":"patient_",
	"args": [ {"a":"payment_2016_67"},  {"a":"employee_2016_67"} ]
      },
      {
	"ctor":"patient_",
	"args": [ {"a":"payment_2016_68"},  {"a":"employee_2016_68"} ]
      },
      {
	"ctor":"patient_",
	"args": [ {"a":"payment_2016_69"},  {"a":"employee_2016_69"} ]
      },
      {
	"ctor":"patient_",
	"args": [ {"a":"payment_2016_70"},  {"a":"employee_2016_70"} ]
      },
      {
	"ctor":"start_",
	"args": [ {"a":"payment_2016_1"}, "2016-12-31" ]
      },
      {
	"ctor":"start_",
	"args": [ {"a":"payment_2016_2"}, "2016-12-31" ]
      },
      {
	"ctor":"start_",
	"args": [ {"a":"payment_2016_3"}, "2016-12-31" ]
      },
      {
	"ctor":"start_",
	"args": [ {"a":"payment_2016_4"}, "2016-12-31" ]
      },
      {
	"ctor":"start_",
	"args": [ {"a":"payment_2016_5"}, "2016-12-31" ]
      },
      {
	"ctor":"start_",
	"args": [ {"a":"payment_2016_6"}, "2016-12-31" ]
      },
      {
	"ctor":"start_",
	"args": [ {"a":"payment_2016_7"}, "2016-12-31" ]
      },
      {
	"ctor":"start_",
	"args": [ {"a":"payment_2016_8"}, "2016-12-31" ]
      },
      {
	"ctor":"start_",
	"args": [ {"a":"payment_2016_9"}, "2016-12-31" ]
      },
      {
	"ctor":"start_",
	"args": [ {"a":"payment_2016_10"}, "2016-12-31" ]
      },
      {
	"ctor":"start_",
	"args": [ {"a":"payment_2016_11"}, "2016-12-31" ]
      },
      {
	"ctor":"start_",
	"args": [ {"a":"payment_2016_12"}, "2016-12-31" ]
      },
      {
	"ctor":"start_",
	"args": [ {"a":"payment_2016_13"}, "2016-12-31" ]
      },
      {
	"ctor":"start_",
	"args": [ {"a":"payment_2016_14"}, "2016-12-31" ]
      },
      {
	"ctor":"start_",
	"args": [ {"a":"payment_2016_15"}, "2016-12-31" ]
      },
      {
	"ctor":"start_",
	"args": [ {"a":"payment_2016_16"}, "2016-12-31" ]
      },
      {
	"ctor":"start_",
	"args": [ {"a":"payment_2016_17"}, "2016-12-31" ]
      },
      {
	"ctor":"start_",
	"args": [ {"a":"payment_2016_18"}, "2016-12-31" ]
      },
      {
	"ctor":"start_",
	"args": [ {"a":"payment_2016_19"}, "2016-12-31" ]
      },
      {
	"ctor":"start_",
	"args": [ {"a":"payment_2016_20"}, "2016-12-31" ]
      },
      {
	"ctor":"start_",
	"args": [ {"a":"payment_2016_21"}, "2016-12-31" ]
      },
      {
	"ctor":"start_",
	"args": [ {"a":"payment_2016_22"}, "2016-12-31" ]
      },
      {
	"ctor":"start_",
	"args": [ {"a":"payment_2016_23"}, "2016-12-31" ]
      },
      {
	"ctor":"start_",
	"args": [ {"a":"payment_2016_24"}, "2016-12-31" ]
      },
      {
	"ctor":"start_",
	"args": [ {"a":"payment_2016_25"}, "2016-12-31" ]
      },
      {
	"ctor":"start_",
	"args": [ {"a":"payment_2016_26"}, "2016-12-31" ]
      },
      {
	"ctor":"start_",
	"args": [ {"a":"payment_2016_27"}, "2016-12-31" ]
      },
      {
	"ctor":"start_",
	"args": [ {"a":"payment_2016_28"}, "2016-12-31" ]
      },
      {
	"ctor":"start_",
	"args": [ {"a":"payment_2016_29"}, "2016-12-31" ]
      },
      {
	"ctor":"start_",
	"args": [ {"a":"payment_2016_30"}, "2016-12-31" ]
      },
      {
	"ctor":"start_",
	"args": [ {"a":"payment_2016_31"}, "2016-12-31" ]
      },
      {
	"ctor":"start_",
	"args": [ {"a":"payment_2016_32"}, "2016-12-31" ]
      },
      {
	"ctor":"start_",
	"args": [ {"a":"payment_2016_33"}, "2016-12-31" ]
      },
      {
	"ctor":"start_",
	"args": [ {"a":"payment_2016_34"}, "2016-12-31" ]
      },
      {
	"ctor":"start_",
	"args": [ {"a":"payment_2016_35"}, "2016-12-31" ]
      },
      {
	"ctor":"start_",
	"args": [ {"a":"payment_2016_36"}, "2016-12-31" ]
      },
      {
	"ctor":"start_",
	"args": [ {"a":"payment_2016_37"}, "2016-12-31" ]
      },
      {
	"ctor":"start_",
	"args": [ {"a":"payment_2016_38"}, "2016-12-31" ]
      },
      {
	"ctor":"start_",
	"args": [ {"a":"payment_2016_39"}, "2016-12-31" ]
      },
      {
	"ctor":"start_",
	"args": [ {"a":"payment_2016_40"}, "2016-12-31" ]
      },
      {
	"ctor":"start_",
	"args": [ {"a":"payment_2016_41"}, "2016-12-31" ]
      },
      {
	"ctor":"start_",
	"args": [ {"a":"payment_2016_42"}, "2016-12-31" ]
      },
      {
	"ctor":"start_",
	"args": [ {"a":"payment_2016_43"}, "2016-12-31" ]
      },
      {
	"ctor":"start_",
	"args": [ {"a":"payment_2016_44"}, "2016-12-31" ]
      },
      {
	"ctor":"start_",
	"args": [ {"a":"payment_2016_45"}, "2016-12-31" ]
      },
      {
	"ctor":"start_",
	"args": [ {"a":"payment_2016_46"}, "2016-12-31" ]
      },
      {
	"ctor":"start_",
	"args": [ {"a":"payment_2016_47"}, "2016-12-31" ]
      },
      {
	"ctor":"start_",
	"args": [ {"a":"payment_2016_48"}, "2016-12-31" ]
      },
      {
	"ctor":"start_",
	"args": [ {"a":"payment_2016_49"}, "2016-12-31" ]
      },
      {
	"ctor":"start_",
	"args": [ {"a":"payment_2016_50"}, "2016-12-31" ]
      },
      {
	"ctor":"start_",
	"args": [ {"a":"payment_2016_51"}, "2016-12-31" ]
      },
      {
	"ctor":"start_",
	"args": [ {"a":"payment_2016_52"}, "2016-12-31" ]
      },
      {
	"ctor":"start_",
	"args": [ {"a":"payment_2016_53"}, "2016-12-31" ]
      },
      {
	"ctor":"start_",
	"args": [ {"a":"payment_2016_54"}, "2016-12-31" ]
      },
      {
	"ctor":"start_",
	"args": [ {"a":"payment_2016_55"}, "2016-12-31" ]
      },
      {
	"ctor":"start_",
	"args": [ {"a":"payment_2016_56"}, "2016-12-31" ]
      },
      {
	"ctor":"start_",
	"args": [ {"a":"payment_2016_57"}, "2016-12-31" ]
      },
      {
	"ctor":"start_",
	"args": [ {"a":"payment_2016_58"}, "2016-12-31" ]
      },
      {
	"ctor":"start_",
	"args": [ {"a":"payment_2016_59"}, "2016-12-31" ]
      },
      {
	"ctor":"start_",
	"args": [ {"a":"payment_2016_60"}, "2016-12-31" ]
      },
      {
	"ctor":"start_",
	"args": [ {"a":"payment_2016_61"}, "2016-12-31" ]
      },
      {
	"ctor":"start_",
	"args": [ {"a":"payment_2016_62"}, "2016-12-31" ]
      },
      {
	"ctor":"start_",
	"args": [ {"a":"payment_2016_63"}, "2016-12-31" ]
      },
      {
	"ctor":"start_",
	"args": [ {"a":"payment_2016_64"}, "2016-12-31" ]
      },
      {
	"ctor":"start_",
	"args": [ {"a":"payment_2016_65"}, "2016-12-31" ]
      },
      {
	"ctor":"start_",
	"args": [ {"a":"payment_2016_66"}, "2016-12-31" ]
      },
      {
	"ctor":"start_",
	"args": [ {"a":"payment_2016_67"}, "2016-12-31" ]
      },
      {
	"ctor":"start_",
	"args": [ {"a":"payment_2016_68"}, "2016-12-31" ]
      },
      {
	"ctor":"start_",
	"args": [ {"a":"payment_2016_69"}, "2016-12-31" ]
      },
      {
	"ctor":"start_",
	"args": [ {"a":"payment_2016_70"}, "2016-12-31" ]
      },
      {
	"ctor":"joint_return_",
	"args": [ {"a":"alice_and_bob_joint_return"} ]
      },
      {
	"ctor":"agent_",
	"args": [ {"a":"alice_and_bob_joint_return"},  {"a":"alice"} ]
      },
      {
	"ctor":"agent_",
	"args": [ {"a":"alice_and_bob_joint_return"},  {"a":"bob"} ]
      },
      {
	"ctor":"start_",
	"args": [ {"a":"alice_and_bob_joint_return"}, "2015-01-01" ]
      },
      {
	"ctor":"end_",
	"args": [ {"a":"alice_and_bob_joint_return"}, "2015-12-31" ]
      }
    ],
    "stipulations": []
  },
  "unary": [
    {
      "source_clause":1,
      "predicate":"marriage_",
      "event": {"a":"alice_and_bob"}
    },
    {
      "source_clause":5,
      "predicate":"service_",
      "event": {"a":"workforalice_2015_1"}
    },
    {
      "source_clause":6,
      "predicate":"service_",
      "event": {"a":"workforalice_2015_2"}
    },
    {
      "source_clause":7,
      "predicate":"service_",
      "event": {"a":"workforalice_2015_3"}
    },
    {
      "source_clause":8,
      "predicate":"service_",
      "event": {"a":"workforalice_2015_4"}
    },
    {
      "source_clause":9,
      "predicate":"service_",
      "event": {"a":"workforalice_2015_5"}
    },
    {
      "source_clause":10,
      "predicate":"service_",
      "event": {"a":"workforalice_2015_6"}
    },
    {
      "source_clause":11,
      "predicate":"service_",
      "event": {"a":"workforalice_2015_7"}
    },
    {
      "source_clause":12,
      "predicate":"service_",
      "event": {"a":"workforalice_2015_8"}
    },
    {
      "source_clause":13,
      "predicate":"service_",
      "event": {"a":"workforalice_2015_9"}
    },
    {
      "source_clause":14,
      "predicate":"service_",
      "event": {"a":"workforalice_2015_10"}
    },
    {
      "source_clause":15,
      "predicate":"service_",
      "event": {"a":"workforalice_2015_11"}
    },
    {
      "source_clause":16,
      "predicate":"service_",
      "event": {"a":"workforalice_2015_12"}
    },
    {
      "source_clause":17,
      "predicate":"service_",
      "event": {"a":"workforalice_2015_13"}
    },
    {
      "source_clause":18,
      "predicate":"service_",
      "event": {"a":"workforalice_2015_14"}
    },
    {
      "source_clause":19,
      "predicate":"service_",
      "event": {"a":"workforalice_2015_15"}
    },
    {
      "source_clause":20,
      "predicate":"service_",
      "event": {"a":"workforalice_2015_16"}
    },
    {
      "source_clause":21,
      "predicate":"service_",
      "event": {"a":"workforalice_2015_17"}
    },
    {
      "source_clause":22,
      "predicate":"service_",
      "event": {"a":"workforalice_2015_18"}
    },
    {
      "source_clause":23,
      "predicate":"service_",
      "event": {"a":"workforalice_2015_19"}
    },
    {
      "source_clause":24,
      "predicate":"service_",
      "event": {"a":"workforalice_2015_20"}
    },
    {
      "source_clause":25,
      "predicate":"service_",
      "event": {"a":"workforalice_2015_21"}
    },
    {
      "source_clause":26,
      "predicate":"service_",
      "event": {"a":"workforalice_2015_22"}
    },
    {
      "source_clause":27,
      "predicate":"service_",
      "event": {"a":"workforalice_2015_23"}
    },
    {
      "source_clause":28,
      "predicate":"service_",
      "event": {"a":"workforalice_2015_24"}
    },
    {
      "source_clause":29,
      "predicate":"service_",
      "event": {"a":"workforalice_2015_25"}
    },
    {
      "source_clause":30,
      "predicate":"service_",
      "event": {"a":"workforalice_2015_26"}
    },
    {
      "source_clause":31,
      "predicate":"service_",
      "event": {"a":"workforalice_2015_27"}
    },
    {
      "source_clause":32,
      "predicate":"service_",
      "event": {"a":"workforalice_2015_28"}
    },
    {
      "source_clause":33,
      "predicate":"service_",
      "event": {"a":"workforalice_2015_29"}
    },
    {
      "source_clause":34,
      "predicate":"service_",
      "event": {"a":"workforalice_2015_30"}
    },
    {
      "source_clause":35,
      "predicate":"service_",
      "event": {"a":"workforalice_2015_31"}
    },
    {
      "source_clause":36,
      "predicate":"service_",
      "event": {"a":"workforalice_2015_32"}
    },
    {
      "source_clause":37,
      "predicate":"service_",
      "event": {"a":"workforalice_2015_33"}
    },
    {
      "source_clause":38,
      "predicate":"service_",
      "event": {"a":"workforalice_2015_34"}
    },
    {
      "source_clause":39,
      "predicate":"service_",
      "event": {"a":"workforalice_2015_35"}
    },
    {
      "source_clause":40,
      "predicate":"service_",
      "event": {"a":"workforalice_2015_36"}
    },
    {
      "source_clause":41,
      "predicate":"service_",
      "event": {"a":"workforalice_2015_37"}
    },
    {
      "source_clause":42,
      "predicate":"service_",
      "event": {"a":"workforalice_2015_38"}
    },
    {
      "source_clause":43,
      "predicate":"service_",
      "event": {"a":"workforalice_2015_39"}
    },
    {
      "source_clause":44,
      "predicate":"service_",
      "event": {"a":"workforalice_2015_40"}
    },
    {
      "source_clause":45,
      "predicate":"service_",
      "event": {"a":"workforalice_2015_41"}
    },
    {
      "source_clause":46,
      "predicate":"service_",
      "event": {"a":"workforalice_2015_42"}
    },
    {
      "source_clause":47,
      "predicate":"service_",
      "event": {"a":"workforalice_2015_43"}
    },
    {
      "source_clause":48,
      "predicate":"service_",
      "event": {"a":"workforalice_2015_44"}
    },
    {
      "source_clause":49,
      "predicate":"service_",
      "event": {"a":"workforalice_2015_45"}
    },
    {
      "source_clause":50,
      "predicate":"service_",
      "event": {"a":"workforalice_2015_46"}
    },
    {
      "source_clause":51,
      "predicate":"service_",
      "event": {"a":"workforalice_2015_47"}
    },
    {
      "source_clause":52,
      "predicate":"service_",
      "event": {"a":"workforalice_2015_48"}
    },
    {
      "source_clause":53,
      "predicate":"service_",
      "event": {"a":"workforalice_2015_49"}
    },
    {
      "source_clause":54,
      "predicate":"service_",
      "event": {"a":"workforalice_2015_50"}
    },
    {
      "source_clause":55,
      "predicate":"service_",
      "event": {"a":"workforalice_2015_51"}
    },
    {
      "source_clause":56,
      "predicate":"service_",
      "event": {"a":"workforalice_2015_52"}
    },
    {
      "source_clause":57,
      "predicate":"service_",
      "event": {"a":"workforalice_2015_53"}
    },
    {
      "source_clause":58,
      "predicate":"service_",
      "event": {"a":"workforalice_2015_54"}
    },
    {
      "source_clause":59,
      "predicate":"service_",
      "event": {"a":"workforalice_2015_55"}
    },
    {
      "source_clause":60,
      "predicate":"service_",
      "event": {"a":"workforalice_2015_56"}
    },
    {
      "source_clause":61,
      "predicate":"service_",
      "event": {"a":"workforalice_2015_57"}
    },
    {
      "source_clause":62,
      "predicate":"service_",
      "event": {"a":"workforalice_2015_58"}
    },
    {
      "source_clause":63,
      "predicate":"service_",
      "event": {"a":"workforalice_2015_59"}
    },
    {
      "source_clause":64,
      "predicate":"service_",
      "event": {"a":"workforalice_2015_60"}
    },
    {
      "source_clause":65,
      "predicate":"service_",
      "event": {"a":"workforalice_2015_61"}
    },
    {
      "source_clause":66,
      "predicate":"service_",
      "event": {"a":"workforalice_2015_62"}
    },
    {
      "source_clause":67,
      "predicate":"service_",
      "event": {"a":"workforalice_2015_63"}
    },
    {
      "source_clause":68,
      "predicate":"service_",
      "event": {"a":"workforalice_2015_64"}
    },
    {
      "source_clause":69,
      "predicate":"service_",
      "event": {"a":"workforalice_2015_65"}
    },
    {
      "source_clause":70,
      "predicate":"service_",
      "event": {"a":"workforalice_2015_66"}
    },
    {
      "source_clause":71,
      "predicate":"service_",
      "event": {"a":"workforalice_2015_67"}
    },
    {
      "source_clause":72,
      "predicate":"service_",
      "event": {"a":"workforalice_2015_68"}
    },
    {
      "source_clause":73,
      "predicate":"service_",
      "event": {"a":"workforalice_2015_69"}
    },
    {
      "source_clause":74,
      "predicate":"service_",
      "event": {"a":"workforalice_2015_70"}
    },
    {
      "source_clause":75,
      "predicate":"service_",
      "event": {"a":"workforalice_2015_71"}
    },
    {
      "source_clause":76,
      "predicate":"service_",
      "event": {"a":"workforalice_2015_72"}
    },
    {
      "source_clause":77,
      "predicate":"service_",
      "event": {"a":"workforalice_2015_73"}
    },
    {
      "source_clause":78,
      "predicate":"service_",
      "event": {"a":"workforalice_2015_74"}
    },
    {
      "source_clause":79,
      "predicate":"service_",
      "event": {"a":"workforalice_2015_75"}
    },
    {
      "source_clause":80,
      "predicate":"service_",
      "event": {"a":"workforalice_2015_76"}
    },
    {
      "source_clause":81,
      "predicate":"service_",
      "event": {"a":"workforalice_2015_77"}
    },
    {
      "source_clause":82,
      "predicate":"service_",
      "event": {"a":"workforalice_2015_78"}
    },
    {
      "source_clause":83,
      "predicate":"service_",
      "event": {"a":"workforalice_2015_79"}
    },
    {
      "source_clause":84,
      "predicate":"service_",
      "event": {"a":"workforalice_2015_80"}
    },
    {
      "source_clause":85,
      "predicate":"service_",
      "event": {"a":"workforalice_2015_81"}
    },
    {
      "source_clause":86,
      "predicate":"service_",
      "event": {"a":"workforalice_2015_82"}
    },
    {
      "source_clause":87,
      "predicate":"service_",
      "event": {"a":"workforalice_2015_83"}
    },
    {
      "source_clause":88,
      "predicate":"service_",
      "event": {"a":"workforalice_2015_84"}
    },
    {
      "source_clause":89,
      "predicate":"service_",
      "event": {"a":"workforalice_2015_85"}
    },
    {
      "source_clause":90,
      "predicate":"service_",
      "event": {"a":"workforalice_2015_86"}
    },
    {
      "source_clause":91,
      "predicate":"service_",
      "event": {"a":"workforalice_2015_87"}
    },
    {
      "source_clause":510,
      "predicate":"payment_",
      "event": {"a":"payment_2015_1"}
    },
    {
      "source_clause":511,
      "predicate":"payment_",
      "event": {"a":"payment_2015_2"}
    },
    {
      "source_clause":512,
      "predicate":"payment_",
      "event": {"a":"payment_2015_3"}
    },
    {
      "source_clause":513,
      "predicate":"payment_",
      "event": {"a":"payment_2015_4"}
    },
    {
      "source_clause":514,
      "predicate":"payment_",
      "event": {"a":"payment_2015_5"}
    },
    {
      "source_clause":515,
      "predicate":"payment_",
      "event": {"a":"payment_2015_6"}
    },
    {
      "source_clause":516,
      "predicate":"payment_",
      "event": {"a":"payment_2015_7"}
    },
    {
      "source_clause":517,
      "predicate":"payment_",
      "event": {"a":"payment_2015_8"}
    },
    {
      "source_clause":518,
      "predicate":"payment_",
      "event": {"a":"payment_2015_9"}
    },
    {
      "source_clause":519,
      "predicate":"payment_",
      "event": {"a":"payment_2015_10"}
    },
    {
      "source_clause":520,
      "predicate":"payment_",
      "event": {"a":"payment_2015_11"}
    },
    {
      "source_clause":521,
      "predicate":"payment_",
      "event": {"a":"payment_2015_12"}
    },
    {
      "source_clause":522,
      "predicate":"payment_",
      "event": {"a":"payment_2015_13"}
    },
    {
      "source_clause":523,
      "predicate":"payment_",
      "event": {"a":"payment_2015_14"}
    },
    {
      "source_clause":524,
      "predicate":"payment_",
      "event": {"a":"payment_2015_15"}
    },
    {
      "source_clause":525,
      "predicate":"payment_",
      "event": {"a":"payment_2015_16"}
    },
    {
      "source_clause":526,
      "predicate":"payment_",
      "event": {"a":"payment_2015_17"}
    },
    {
      "source_clause":527,
      "predicate":"payment_",
      "event": {"a":"payment_2015_18"}
    },
    {
      "source_clause":528,
      "predicate":"payment_",
      "event": {"a":"payment_2015_19"}
    },
    {
      "source_clause":529,
      "predicate":"payment_",
      "event": {"a":"payment_2015_20"}
    },
    {
      "source_clause":530,
      "predicate":"payment_",
      "event": {"a":"payment_2015_21"}
    },
    {
      "source_clause":531,
      "predicate":"payment_",
      "event": {"a":"payment_2015_22"}
    },
    {
      "source_clause":532,
      "predicate":"payment_",
      "event": {"a":"payment_2015_23"}
    },
    {
      "source_clause":533,
      "predicate":"payment_",
      "event": {"a":"payment_2015_24"}
    },
    {
      "source_clause":534,
      "predicate":"payment_",
      "event": {"a":"payment_2015_25"}
    },
    {
      "source_clause":535,
      "predicate":"payment_",
      "event": {"a":"payment_2015_26"}
    },
    {
      "source_clause":536,
      "predicate":"payment_",
      "event": {"a":"payment_2015_27"}
    },
    {
      "source_clause":537,
      "predicate":"payment_",
      "event": {"a":"payment_2015_28"}
    },
    {
      "source_clause":538,
      "predicate":"payment_",
      "event": {"a":"payment_2015_29"}
    },
    {
      "source_clause":539,
      "predicate":"payment_",
      "event": {"a":"payment_2015_30"}
    },
    {
      "source_clause":540,
      "predicate":"payment_",
      "event": {"a":"payment_2015_31"}
    },
    {
      "source_clause":541,
      "predicate":"payment_",
      "event": {"a":"payment_2015_32"}
    },
    {
      "source_clause":542,
      "predicate":"payment_",
      "event": {"a":"payment_2015_33"}
    },
    {
      "source_clause":543,
      "predicate":"payment_",
      "event": {"a":"payment_2015_34"}
    },
    {
      "source_clause":544,
      "predicate":"payment_",
      "event": {"a":"payment_2015_35"}
    },
    {
      "source_clause":545,
      "predicate":"payment_",
      "event": {"a":"payment_2015_36"}
    },
    {
      "source_clause":546,
      "predicate":"payment_",
      "event": {"a":"payment_2015_37"}
    },
    {
      "source_clause":547,
      "predicate":"payment_",
      "event": {"a":"payment_2015_38"}
    },
    {
      "source_clause":548,
      "predicate":"payment_",
      "event": {"a":"payment_2015_39"}
    },
    {
      "source_clause":549,
      "predicate":"payment_",
      "event": {"a":"payment_2015_40"}
    },
    {
      "source_clause":550,
      "predicate":"payment_",
      "event": {"a":"payment_2015_41"}
    },
    {
      "source_clause":551,
      "predicate":"payment_",
      "event": {"a":"payment_2015_42"}
    },
    {
      "source_clause":552,
      "predicate":"payment_",
      "event": {"a":"payment_2015_43"}
    },
    {
      "source_clause":553,
      "predicate":"payment_",
      "event": {"a":"payment_2015_44"}
    },
    {
      "source_clause":554,
      "predicate":"payment_",
      "event": {"a":"payment_2015_45"}
    },
    {
      "source_clause":555,
      "predicate":"payment_",
      "event": {"a":"payment_2015_46"}
    },
    {
      "source_clause":556,
      "predicate":"payment_",
      "event": {"a":"payment_2015_47"}
    },
    {
      "source_clause":557,
      "predicate":"payment_",
      "event": {"a":"payment_2015_48"}
    },
    {
      "source_clause":558,
      "predicate":"payment_",
      "event": {"a":"payment_2015_49"}
    },
    {
      "source_clause":559,
      "predicate":"payment_",
      "event": {"a":"payment_2015_50"}
    },
    {
      "source_clause":560,
      "predicate":"payment_",
      "event": {"a":"payment_2015_51"}
    },
    {
      "source_clause":561,
      "predicate":"payment_",
      "event": {"a":"payment_2015_52"}
    },
    {
      "source_clause":562,
      "predicate":"payment_",
      "event": {"a":"payment_2015_53"}
    },
    {
      "source_clause":563,
      "predicate":"payment_",
      "event": {"a":"payment_2015_54"}
    },
    {
      "source_clause":564,
      "predicate":"payment_",
      "event": {"a":"payment_2015_55"}
    },
    {
      "source_clause":565,
      "predicate":"payment_",
      "event": {"a":"payment_2015_56"}
    },
    {
      "source_clause":566,
      "predicate":"payment_",
      "event": {"a":"payment_2015_57"}
    },
    {
      "source_clause":567,
      "predicate":"payment_",
      "event": {"a":"payment_2015_58"}
    },
    {
      "source_clause":568,
      "predicate":"payment_",
      "event": {"a":"payment_2015_59"}
    },
    {
      "source_clause":569,
      "predicate":"payment_",
      "event": {"a":"payment_2015_60"}
    },
    {
      "source_clause":570,
      "predicate":"payment_",
      "event": {"a":"payment_2015_61"}
    },
    {
      "source_clause":571,
      "predicate":"payment_",
      "event": {"a":"payment_2015_62"}
    },
    {
      "source_clause":572,
      "predicate":"payment_",
      "event": {"a":"payment_2015_63"}
    },
    {
      "source_clause":573,
      "predicate":"payment_",
      "event": {"a":"payment_2015_64"}
    },
    {
      "source_clause":574,
      "predicate":"payment_",
      "event": {"a":"payment_2015_65"}
    },
    {
      "source_clause":575,
      "predicate":"payment_",
      "event": {"a":"payment_2015_66"}
    },
    {
      "source_clause":576,
      "predicate":"payment_",
      "event": {"a":"payment_2015_67"}
    },
    {
      "source_clause":577,
      "predicate":"payment_",
      "event": {"a":"payment_2015_68"}
    },
    {
      "source_clause":578,
      "predicate":"payment_",
      "event": {"a":"payment_2015_69"}
    },
    {
      "source_clause":579,
      "predicate":"payment_",
      "event": {"a":"payment_2015_70"}
    },
    {
      "source_clause":580,
      "predicate":"payment_",
      "event": {"a":"payment_2015_71"}
    },
    {
      "source_clause":581,
      "predicate":"payment_",
      "event": {"a":"payment_2015_72"}
    },
    {
      "source_clause":582,
      "predicate":"payment_",
      "event": {"a":"payment_2015_73"}
    },
    {
      "source_clause":583,
      "predicate":"payment_",
      "event": {"a":"payment_2015_74"}
    },
    {
      "source_clause":584,
      "predicate":"payment_",
      "event": {"a":"payment_2015_75"}
    },
    {
      "source_clause":585,
      "predicate":"payment_",
      "event": {"a":"payment_2015_76"}
    },
    {
      "source_clause":586,
      "predicate":"payment_",
      "event": {"a":"payment_2015_77"}
    },
    {
      "source_clause":587,
      "predicate":"payment_",
      "event": {"a":"payment_2015_78"}
    },
    {
      "source_clause":588,
      "predicate":"payment_",
      "event": {"a":"payment_2015_79"}
    },
    {
      "source_clause":589,
      "predicate":"payment_",
      "event": {"a":"payment_2015_80"}
    },
    {
      "source_clause":590,
      "predicate":"payment_",
      "event": {"a":"payment_2015_81"}
    },
    {
      "source_clause":591,
      "predicate":"payment_",
      "event": {"a":"payment_2015_82"}
    },
    {
      "source_clause":592,
      "predicate":"payment_",
      "event": {"a":"payment_2015_83"}
    },
    {
      "source_clause":593,
      "predicate":"payment_",
      "event": {"a":"payment_2015_84"}
    },
    {
      "source_clause":594,
      "predicate":"payment_",
      "event": {"a":"payment_2015_85"}
    },
    {
      "source_clause":595,
      "predicate":"payment_",
      "event": {"a":"payment_2015_86"}
    },
    {
      "source_clause":596,
      "predicate":"payment_",
      "event": {"a":"payment_2015_87"}
    },
    {
      "source_clause":1172,
      "predicate":"service_",
      "event": {"a":"workforalice_2016_1"}
    },
    {
      "source_clause":1173,
      "predicate":"service_",
      "event": {"a":"workforalice_2016_2"}
    },
    {
      "source_clause":1174,
      "predicate":"service_",
      "event": {"a":"workforalice_2016_3"}
    },
    {
      "source_clause":1175,
      "predicate":"service_",
      "event": {"a":"workforalice_2016_4"}
    },
    {
      "source_clause":1176,
      "predicate":"service_",
      "event": {"a":"workforalice_2016_5"}
    },
    {
      "source_clause":1177,
      "predicate":"service_",
      "event": {"a":"workforalice_2016_6"}
    },
    {
      "source_clause":1178,
      "predicate":"service_",
      "event": {"a":"workforalice_2016_7"}
    },
    {
      "source_clause":1179,
      "predicate":"service_",
      "event": {"a":"workforalice_2016_8"}
    },
    {
      "source_clause":1180,
      "predicate":"service_",
      "event": {"a":"workforalice_2016_9"}
    },
    {
      "source_clause":1181,
      "predicate":"service_",
      "event": {"a":"workforalice_2016_10"}
    },
    {
      "source_clause":1182,
      "predicate":"service_",
      "event": {"a":"workforalice_2016_11"}
    },
    {
      "source_clause":1183,
      "predicate":"service_",
      "event": {"a":"workforalice_2016_12"}
    },
    {
      "source_clause":1184,
      "predicate":"service_",
      "event": {"a":"workforalice_2016_13"}
    },
    {
      "source_clause":1185,
      "predicate":"service_",
      "event": {"a":"workforalice_2016_14"}
    },
    {
      "source_clause":1186,
      "predicate":"service_",
      "event": {"a":"workforalice_2016_15"}
    },
    {
      "source_clause":1187,
      "predicate":"service_",
      "event": {"a":"workforalice_2016_16"}
    },
    {
      "source_clause":1188,
      "predicate":"service_",
      "event": {"a":"workforalice_2016_17"}
    },
    {
      "source_clause":1189,
      "predicate":"service_",
      "event": {"a":"workforalice_2016_18"}
    },
    {
      "source_clause":1190,
      "predicate":"service_",
      "event": {"a":"workforalice_2016_19"}
    },
    {
      "source_clause":1191,
      "predicate":"service_",
      "event": {"a":"workforalice_2016_20"}
    },
    {
      "source_clause":1192,
      "predicate":"service_",
      "event": {"a":"workforalice_2016_21"}
    },
    {
      "source_clause":1193,
      "predicate":"service_",
      "event": {"a":"workforalice_2016_22"}
    },
    {
      "source_clause":1194,
      "predicate":"service_",
      "event": {"a":"workforalice_2016_23"}
    },
    {
      "source_clause":1195,
      "predicate":"service_",
      "event": {"a":"workforalice_2016_24"}
    },
    {
      "source_clause":1196,
      "predicate":"service_",
      "event": {"a":"workforalice_2016_25"}
    },
    {
      "source_clause":1197,
      "predicate":"service_",
      "event": {"a":"workforalice_2016_26"}
    },
    {
      "source_clause":1198,
      "predicate":"service_",
      "event": {"a":"workforalice_2016_27"}
    },
    {
      "source_clause":1199,
      "predicate":"service_",
      "event": {"a":"workforalice_2016_28"}
    },
    {
      "source_clause":1200,
      "predicate":"service_",
      "event": {"a":"workforalice_2016_29"}
    },
    {
      "source_clause":1201,
      "predicate":"service_",
      "event": {"a":"workforalice_2016_30"}
    },
    {
      "source_clause":1202,
      "predicate":"service_",
      "event": {"a":"workforalice_2016_31"}
    },
    {
      "source_clause":1203,
      "predicate":"service_",
      "event": {"a":"workforalice_2016_32"}
    },
    {
      "source_clause":1204,
      "predicate":"service_",
      "event": {"a":"workforalice_2016_33"}
    },
    {
      "source_clause":1205,
      "predicate":"service_",
      "event": {"a":"workforalice_2016_34"}
    },
    {
      "source_clause":1206,
      "predicate":"service_",
      "event": {"a":"workforalice_2016_35"}
    },
    {
      "source_clause":1207,
      "predicate":"service_",
      "event": {"a":"workforalice_2016_36"}
    },
    {
      "source_clause":1208,
      "predicate":"service_",
      "event": {"a":"workforalice_2016_37"}
    },
    {
      "source_clause":1209,
      "predicate":"service_",
      "event": {"a":"workforalice_2016_38"}
    },
    {
      "source_clause":1210,
      "predicate":"service_",
      "event": {"a":"workforalice_2016_39"}
    },
    {
      "source_clause":1211,
      "predicate":"service_",
      "event": {"a":"workforalice_2016_40"}
    },
    {
      "source_clause":1212,
      "predicate":"service_",
      "event": {"a":"workforalice_2016_41"}
    },
    {
      "source_clause":1213,
      "predicate":"service_",
      "event": {"a":"workforalice_2016_42"}
    },
    {
      "source_clause":1214,
      "predicate":"service_",
      "event": {"a":"workforalice_2016_43"}
    },
    {
      "source_clause":1215,
      "predicate":"service_",
      "event": {"a":"workforalice_2016_44"}
    },
    {
      "source_clause":1216,
      "predicate":"service_",
      "event": {"a":"workforalice_2016_45"}
    },
    {
      "source_clause":1217,
      "predicate":"service_",
      "event": {"a":"workforalice_2016_46"}
    },
    {
      "source_clause":1218,
      "predicate":"service_",
      "event": {"a":"workforalice_2016_47"}
    },
    {
      "source_clause":1219,
      "predicate":"service_",
      "event": {"a":"workforalice_2016_48"}
    },
    {
      "source_clause":1220,
      "predicate":"service_",
      "event": {"a":"workforalice_2016_49"}
    },
    {
      "source_clause":1221,
      "predicate":"service_",
      "event": {"a":"workforalice_2016_50"}
    },
    {
      "source_clause":1222,
      "predicate":"service_",
      "event": {"a":"workforalice_2016_51"}
    },
    {
      "source_clause":1223,
      "predicate":"service_",
      "event": {"a":"workforalice_2016_52"}
    },
    {
      "source_clause":1224,
      "predicate":"service_",
      "event": {"a":"workforalice_2016_53"}
    },
    {
      "source_clause":1225,
      "predicate":"service_",
      "event": {"a":"workforalice_2016_54"}
    },
    {
      "source_clause":1226,
      "predicate":"service_",
      "event": {"a":"workforalice_2016_55"}
    },
    {
      "source_clause":1227,
      "predicate":"service_",
      "event": {"a":"workforalice_2016_56"}
    },
    {
      "source_clause":1228,
      "predicate":"service_",
      "event": {"a":"workforalice_2016_57"}
    },
    {
      "source_clause":1229,
      "predicate":"service_",
      "event": {"a":"workforalice_2016_58"}
    },
    {
      "source_clause":1230,
      "predicate":"service_",
      "event": {"a":"workforalice_2016_59"}
    },
    {
      "source_clause":1231,
      "predicate":"service_",
      "event": {"a":"workforalice_2016_60"}
    },
    {
      "source_clause":1232,
      "predicate":"service_",
      "event": {"a":"workforalice_2016_61"}
    },
    {
      "source_clause":1233,
      "predicate":"service_",
      "event": {"a":"workforalice_2016_62"}
    },
    {
      "source_clause":1234,
      "predicate":"service_",
      "event": {"a":"workforalice_2016_63"}
    },
    {
      "source_clause":1235,
      "predicate":"service_",
      "event": {"a":"workforalice_2016_64"}
    },
    {
      "source_clause":1236,
      "predicate":"service_",
      "event": {"a":"workforalice_2016_65"}
    },
    {
      "source_clause":1237,
      "predicate":"service_",
      "event": {"a":"workforalice_2016_66"}
    },
    {
      "source_clause":1238,
      "predicate":"service_",
      "event": {"a":"workforalice_2016_67"}
    },
    {
      "source_clause":1239,
      "predicate":"service_",
      "event": {"a":"workforalice_2016_68"}
    },
    {
      "source_clause":1240,
      "predicate":"service_",
      "event": {"a":"workforalice_2016_69"}
    },
    {
      "source_clause":1241,
      "predicate":"service_",
      "event": {"a":"workforalice_2016_70"}
    },
    {
      "source_clause":1452,
      "predicate":"payment_",
      "event": {"a":"payment_2016_1"}
    },
    {
      "source_clause":1453,
      "predicate":"payment_",
      "event": {"a":"payment_2016_2"}
    },
    {
      "source_clause":1454,
      "predicate":"payment_",
      "event": {"a":"payment_2016_3"}
    },
    {
      "source_clause":1455,
      "predicate":"payment_",
      "event": {"a":"payment_2016_4"}
    },
    {
      "source_clause":1456,
      "predicate":"payment_",
      "event": {"a":"payment_2016_5"}
    },
    {
      "source_clause":1457,
      "predicate":"payment_",
      "event": {"a":"payment_2016_6"}
    },
    {
      "source_clause":1458,
      "predicate":"payment_",
      "event": {"a":"payment_2016_7"}
    },
    {
      "source_clause":1459,
      "predicate":"payment_",
      "event": {"a":"payment_2016_8"}
    },
    {
      "source_clause":1460,
      "predicate":"payment_",
      "event": {"a":"payment_2016_9"}
    },
    {
      "source_clause":1461,
      "predicate":"payment_",
      "event": {"a":"payment_2016_10"}
    },
    {
      "source_clause":1462,
      "predicate":"payment_",
      "event": {"a":"payment_2016_11"}
    },
    {
      "source_clause":1463,
      "predicate":"payment_",
      "event": {"a":"payment_2016_12"}
    },
    {
      "source_clause":1464,
      "predicate":"payment_",
      "event": {"a":"payment_2016_13"}
    },
    {
      "source_clause":1465,
      "predicate":"payment_",
      "event": {"a":"payment_2016_14"}
    },
    {
      "source_clause":1466,
      "predicate":"payment_",
      "event": {"a":"payment_2016_15"}
    },
    {
      "source_clause":1467,
      "predicate":"payment_",
      "event": {"a":"payment_2016_16"}
    },
    {
      "source_clause":1468,
      "predicate":"payment_",
      "event": {"a":"payment_2016_17"}
    },
    {
      "source_clause":1469,
      "predicate":"payment_",
      "event": {"a":"payment_2016_18"}
    },
    {
      "source_clause":1470,
      "predicate":"payment_",
      "event": {"a":"payment_2016_19"}
    },
    {
      "source_clause":1471,
      "predicate":"payment_",
      "event": {"a":"payment_2016_20"}
    },
    {
      "source_clause":1472,
      "predicate":"payment_",
      "event": {"a":"payment_2016_21"}
    },
    {
      "source_clause":1473,
      "predicate":"payment_",
      "event": {"a":"payment_2016_22"}
    },
    {
      "source_clause":1474,
      "predicate":"payment_",
      "event": {"a":"payment_2016_23"}
    },
    {
      "source_clause":1475,
      "predicate":"payment_",
      "event": {"a":"payment_2016_24"}
    },
    {
      "source_clause":1476,
      "predicate":"payment_",
      "event": {"a":"payment_2016_25"}
    },
    {
      "source_clause":1477,
      "predicate":"payment_",
      "event": {"a":"payment_2016_26"}
    },
    {
      "source_clause":1478,
      "predicate":"payment_",
      "event": {"a":"payment_2016_27"}
    },
    {
      "source_clause":1479,
      "predicate":"payment_",
      "event": {"a":"payment_2016_28"}
    },
    {
      "source_clause":1480,
      "predicate":"payment_",
      "event": {"a":"payment_2016_29"}
    },
    {
      "source_clause":1481,
      "predicate":"payment_",
      "event": {"a":"payment_2016_30"}
    },
    {
      "source_clause":1482,
      "predicate":"payment_",
      "event": {"a":"payment_2016_31"}
    },
    {
      "source_clause":1483,
      "predicate":"payment_",
      "event": {"a":"payment_2016_32"}
    },
    {
      "source_clause":1484,
      "predicate":"payment_",
      "event": {"a":"payment_2016_33"}
    },
    {
      "source_clause":1485,
      "predicate":"payment_",
      "event": {"a":"payment_2016_34"}
    },
    {
      "source_clause":1486,
      "predicate":"payment_",
      "event": {"a":"payment_2016_35"}
    },
    {
      "source_clause":1487,
      "predicate":"payment_",
      "event": {"a":"payment_2016_36"}
    },
    {
      "source_clause":1488,
      "predicate":"payment_",
      "event": {"a":"payment_2016_37"}
    },
    {
      "source_clause":1489,
      "predicate":"payment_",
      "event": {"a":"payment_2016_38"}
    },
    {
      "source_clause":1490,
      "predicate":"payment_",
      "event": {"a":"payment_2016_39"}
    },
    {
      "source_clause":1491,
      "predicate":"payment_",
      "event": {"a":"payment_2016_40"}
    },
    {
      "source_clause":1492,
      "predicate":"payment_",
      "event": {"a":"payment_2016_41"}
    },
    {
      "source_clause":1493,
      "predicate":"payment_",
      "event": {"a":"payment_2016_42"}
    },
    {
      "source_clause":1494,
      "predicate":"payment_",
      "event": {"a":"payment_2016_43"}
    },
    {
      "source_clause":1495,
      "predicate":"payment_",
      "event": {"a":"payment_2016_44"}
    },
    {
      "source_clause":1496,
      "predicate":"payment_",
      "event": {"a":"payment_2016_45"}
    },
    {
      "source_clause":1497,
      "predicate":"payment_",
      "event": {"a":"payment_2016_46"}
    },
    {
      "source_clause":1498,
      "predicate":"payment_",
      "event": {"a":"payment_2016_47"}
    },
    {
      "source_clause":1499,
      "predicate":"payment_",
      "event": {"a":"payment_2016_48"}
    },
    {
      "source_clause":1500,
      "predicate":"payment_",
      "event": {"a":"payment_2016_49"}
    },
    {
      "source_clause":1501,
      "predicate":"payment_",
      "event": {"a":"payment_2016_50"}
    },
    {
      "source_clause":1502,
      "predicate":"payment_",
      "event": {"a":"payment_2016_51"}
    },
    {
      "source_clause":1503,
      "predicate":"payment_",
      "event": {"a":"payment_2016_52"}
    },
    {
      "source_clause":1504,
      "predicate":"payment_",
      "event": {"a":"payment_2016_53"}
    },
    {
      "source_clause":1505,
      "predicate":"payment_",
      "event": {"a":"payment_2016_54"}
    },
    {
      "source_clause":1506,
      "predicate":"payment_",
      "event": {"a":"payment_2016_55"}
    },
    {
      "source_clause":1507,
      "predicate":"payment_",
      "event": {"a":"payment_2016_56"}
    },
    {
      "source_clause":1508,
      "predicate":"payment_",
      "event": {"a":"payment_2016_57"}
    },
    {
      "source_clause":1509,
      "predicate":"payment_",
      "event": {"a":"payment_2016_58"}
    },
    {
      "source_clause":1510,
      "predicate":"payment_",
      "event": {"a":"payment_2016_59"}
    },
    {
      "source_clause":1511,
      "predicate":"payment_",
      "event": {"a":"payment_2016_60"}
    },
    {
      "source_clause":1512,
      "predicate":"payment_",
      "event": {"a":"payment_2016_61"}
    },
    {
      "source_clause":1513,
      "predicate":"payment_",
      "event": {"a":"payment_2016_62"}
    },
    {
      "source_clause":1514,
      "predicate":"payment_",
      "event": {"a":"payment_2016_63"}
    },
    {
      "source_clause":1515,
      "predicate":"payment_",
      "event": {"a":"payment_2016_64"}
    },
    {
      "source_clause":1516,
      "predicate":"payment_",
      "event": {"a":"payment_2016_65"}
    },
    {
      "source_clause":1517,
      "predicate":"payment_",
      "event": {"a":"payment_2016_66"}
    },
    {
      "source_clause":1518,
      "predicate":"payment_",
      "event": {"a":"payment_2016_67"}
    },
    {
      "source_clause":1519,
      "predicate":"payment_",
      "event": {"a":"payment_2016_68"}
    },
    {
      "source_clause":1520,
      "predicate":"payment_",
      "event": {"a":"payment_2016_69"}
    },
    {
      "source_clause":1521,
      "predicate":"payment_",
      "event": {"a":"payment_2016_70"}
    },
    {
      "source_clause":1732,
      "predicate":"joint_return_",
      "event": {"a":"alice_and_bob_joint_return"}
    }
  ],
  "event_domain": [
    {"a":"alice_and_bob"},
    {"a":"workforalice_2015_1"},
    {"a":"workforalice_2015_2"},
    {"a":"workforalice_2015_3"},
    {"a":"workforalice_2015_4"},
    {"a":"workforalice_2015_5"},
    {"a":"workforalice_2015_6"},
    {"a":"workforalice_2015_7"},
    {"a":"workforalice_2015_8"},
    {"a":"workforalice_2015_9"},
    {"a":"workforalice_2015_10"},
    {"a":"workforalice_2015_11"},
    {"a":"workforalice_2015_12"},
    {"a":"workforalice_2015_13"},
    {"a":"workforalice_2015_14"},
    {"a":"workforalice_2015_15"},
    {"a":"workforalice_2015_16"},
    {"a":"workforalice_2015_17"},
    {"a":"workforalice_2015_18"},
    {"a":"workforalice_2015_19"},
    {"a":"workforalice_2015_20"},
    {"a":"workforalice_2015_21"},
    {"a":"workforalice_2015_22"},
    {"a":"workforalice_2015_23"},
    {"a":"workforalice_2015_24"},
    {"a":"workforalice_2015_25"},
    {"a":"workforalice_2015_26"},
    {"a":"workforalice_2015_27"},
    {"a":"workforalice_2015_28"},
    {"a":"workforalice_2015_29"},
    {"a":"workforalice_2015_30"},
    {"a":"workforalice_2015_31"},
    {"a":"workforalice_2015_32"},
    {"a":"workforalice_2015_33"},
    {"a":"workforalice_2015_34"},
    {"a":"workforalice_2015_35"},
    {"a":"workforalice_2015_36"},
    {"a":"workforalice_2015_37"},
    {"a":"workforalice_2015_38"},
    {"a":"workforalice_2015_39"},
    {"a":"workforalice_2015_40"},
    {"a":"workforalice_2015_41"},
    {"a":"workforalice_2015_42"},
    {"a":"workforalice_2015_43"},
    {"a":"workforalice_2015_44"},
    {"a":"workforalice_2015_45"},
    {"a":"workforalice_2015_46"},
    {"a":"workforalice_2015_47"},
    {"a":"workforalice_2015_48"},
    {"a":"workforalice_2015_49"},
    {"a":"workforalice_2015_50"},
    {"a":"workforalice_2015_51"},
    {"a":"workforalice_2015_52"},
    {"a":"workforalice_2015_53"},
    {"a":"workforalice_2015_54"},
    {"a":"workforalice_2015_55"},
    {"a":"workforalice_2015_56"},
    {"a":"workforalice_2015_57"},
    {"a":"workforalice_2015_58"},
    {"a":"workforalice_2015_59"},
    {"a":"workforalice_2015_60"},
    {"a":"workforalice_2015_61"},
    {"a":"workforalice_2015_62"},
    {"a":"workforalice_2015_63"},
    {"a":"workforalice_2015_64"},
    {"a":"workforalice_2015_65"},
    {"a":"workforalice_2015_66"},
    {"a":"workforalice_2015_67"},
    {"a":"workforalice_2015_68"},
    {"a":"workforalice_2015_69"},
    {"a":"workforalice_2015_70"},
    {"a":"workforalice_2015_71"},
    {"a":"workforalice_2015_72"},
    {"a":"workforalice_2015_73"},
    {"a":"workforalice_2015_74"},
    {"a":"workforalice_2015_75"},
    {"a":"workforalice_2015_76"},
    {"a":"workforalice_2015_77"},
    {"a":"workforalice_2015_78"},
    {"a":"workforalice_2015_79"},
    {"a":"workforalice_2015_80"},
    {"a":"workforalice_2015_81"},
    {"a":"workforalice_2015_82"},
    {"a":"workforalice_2015_83"},
    {"a":"workforalice_2015_84"},
    {"a":"workforalice_2015_85"},
    {"a":"workforalice_2015_86"},
    {"a":"workforalice_2015_87"},
    {"a":"payment_2015_1"},
    {"a":"payment_2015_2"},
    {"a":"payment_2015_3"},
    {"a":"payment_2015_4"},
    {"a":"payment_2015_5"},
    {"a":"payment_2015_6"},
    {"a":"payment_2015_7"},
    {"a":"payment_2015_8"},
    {"a":"payment_2015_9"},
    {"a":"payment_2015_10"},
    {"a":"payment_2015_11"},
    {"a":"payment_2015_12"},
    {"a":"payment_2015_13"},
    {"a":"payment_2015_14"},
    {"a":"payment_2015_15"},
    {"a":"payment_2015_16"},
    {"a":"payment_2015_17"},
    {"a":"payment_2015_18"},
    {"a":"payment_2015_19"},
    {"a":"payment_2015_20"},
    {"a":"payment_2015_21"},
    {"a":"payment_2015_22"},
    {"a":"payment_2015_23"},
    {"a":"payment_2015_24"},
    {"a":"payment_2015_25"},
    {"a":"payment_2015_26"},
    {"a":"payment_2015_27"},
    {"a":"payment_2015_28"},
    {"a":"payment_2015_29"},
    {"a":"payment_2015_30"},
    {"a":"payment_2015_31"},
    {"a":"payment_2015_32"},
    {"a":"payment_2015_33"},
    {"a":"payment_2015_34"},
    {"a":"payment_2015_35"},
    {"a":"payment_2015_36"},
    {"a":"payment_2015_37"},
    {"a":"payment_2015_38"},
    {"a":"payment_2015_39"},
    {"a":"payment_2015_40"},
    {"a":"payment_2015_41"},
    {"a":"payment_2015_42"},
    {"a":"payment_2015_43"},
    {"a":"payment_2015_44"},
    {"a":"payment_2015_45"},
    {"a":"payment_2015_46"},
    {"a":"payment_2015_47"},
    {"a":"payment_2015_48"},
    {"a":"payment_2015_49"},
    {"a":"payment_2015_50"},
    {"a":"payment_2015_51"},
    {"a":"payment_2015_52"},
    {"a":"payment_2015_53"},
    {"a":"payment_2015_54"},
    {"a":"payment_2015_55"},
    {"a":"payment_2015_56"},
    {"a":"payment_2015_57"},
    {"a":"payment_2015_58"},
    {"a":"payment_2015_59"},
    {"a":"payment_2015_60"},
    {"a":"payment_2015_61"},
    {"a":"payment_2015_62"},
    {"a":"payment_2015_63"},
    {"a":"payment_2015_64"},
    {"a":"payment_2015_65"},
    {"a":"payment_2015_66"},
    {"a":"payment_2015_67"},
    {"a":"payment_2015_68"},
    {"a":"payment_2015_69"},
    {"a":"payment_2015_70"},
    {"a":"payment_2015_71"},
    {"a":"payment_2015_72"},
    {"a":"payment_2015_73"},
    {"a":"payment_2015_74"},
    {"a":"payment_2015_75"},
    {"a":"payment_2015_76"},
    {"a":"payment_2015_77"},
    {"a":"payment_2015_78"},
    {"a":"payment_2015_79"},
    {"a":"payment_2015_80"},
    {"a":"payment_2015_81"},
    {"a":"payment_2015_82"},
    {"a":"payment_2015_83"},
    {"a":"payment_2015_84"},
    {"a":"payment_2015_85"},
    {"a":"payment_2015_86"},
    {"a":"payment_2015_87"},
    {"a":"workforalice_2016_1"},
    {"a":"workforalice_2016_2"},
    {"a":"workforalice_2016_3"},
    {"a":"workforalice_2016_4"},
    {"a":"workforalice_2016_5"},
    {"a":"workforalice_2016_6"},
    {"a":"workforalice_2016_7"},
    {"a":"workforalice_2016_8"},
    {"a":"workforalice_2016_9"},
    {"a":"workforalice_2016_10"},
    {"a":"workforalice_2016_11"},
    {"a":"workforalice_2016_12"},
    {"a":"workforalice_2016_13"},
    {"a":"workforalice_2016_14"},
    {"a":"workforalice_2016_15"},
    {"a":"workforalice_2016_16"},
    {"a":"workforalice_2016_17"},
    {"a":"workforalice_2016_18"},
    {"a":"workforalice_2016_19"},
    {"a":"workforalice_2016_20"},
    {"a":"workforalice_2016_21"},
    {"a":"workforalice_2016_22"},
    {"a":"workforalice_2016_23"},
    {"a":"workforalice_2016_24"},
    {"a":"workforalice_2016_25"},
    {"a":"workforalice_2016_26"},
    {"a":"workforalice_2016_27"},
    {"a":"workforalice_2016_28"},
    {"a":"workforalice_2016_29"},
    {"a":"workforalice_2016_30"},
    {"a":"workforalice_2016_31"},
    {"a":"workforalice_2016_32"},
    {"a":"workforalice_2016_33"},
    {"a":"workforalice_2016_34"},
    {"a":"workforalice_2016_35"},
    {"a":"workforalice_2016_36"},
    {"a":"workforalice_2016_37"},
    {"a":"workforalice_2016_38"},
    {"a":"workforalice_2016_39"},
    {"a":"workforalice_2016_40"},
    {"a":"workforalice_2016_41"},
    {"a":"workforalice_2016_42"},
    {"a":"workforalice_2016_43"},
    {"a":"workforalice_2016_44"},
    {"a":"workforalice_2016_45"},
    {"a":"workforalice_2016_46"},
    {"a":"workforalice_2016_47"},
    {"a":"workforalice_2016_48"},
    {"a":"workforalice_2016_49"},
    {"a":"workforalice_2016_50"},
    {"a":"workforalice_2016_51"},
    {"a":"workforalice_2016_52"},
    {"a":"workforalice_2016_53"},
    {"a":"workforalice_2016_54"},
    {"a":"workforalice_2016_55"},
    {"a":"workforalice_2016_56"},
    {"a":"workforalice_2016_57"},
    {"a":"workforalice_2016_58"},
    {"a":"workforalice_2016_59"},
    {"a":"workforalice_2016_60"},
    {"a":"workforalice_2016_61"},
    {"a":"workforalice_2016_62"},
    {"a":"workforalice_2016_63"},
    {"a":"workforalice_2016_64"},
    {"a":"workforalice_2016_65"},
    {"a":"workforalice_2016_66"},
    {"a":"workforalice_2016_67"},
    {"a":"workforalice_2016_68"},
    {"a":"workforalice_2016_69"},
    {"a":"workforalice_2016_70"},
    {"a":"payment_2016_1"},
    {"a":"payment_2016_2"},
    {"a":"payment_2016_3"},
    {"a":"payment_2016_4"},
    {"a":"payment_2016_5"},
    {"a":"payment_2016_6"},
    {"a":"payment_2016_7"},
    {"a":"payment_2016_8"},
    {"a":"payment_2016_9"},
    {"a":"payment_2016_10"},
    {"a":"payment_2016_11"},
    {"a":"payment_2016_12"},
    {"a":"payment_2016_13"},
    {"a":"payment_2016_14"},
    {"a":"payment_2016_15"},
    {"a":"payment_2016_16"},
    {"a":"payment_2016_17"},
    {"a":"payment_2016_18"},
    {"a":"payment_2016_19"},
    {"a":"payment_2016_20"},
    {"a":"payment_2016_21"},
    {"a":"payment_2016_22"},
    {"a":"payment_2016_23"},
    {"a":"payment_2016_24"},
    {"a":"payment_2016_25"},
    {"a":"payment_2016_26"},
    {"a":"payment_2016_27"},
    {"a":"payment_2016_28"},
    {"a":"payment_2016_29"},
    {"a":"payment_2016_30"},
    {"a":"payment_2016_31"},
    {"a":"payment_2016_32"},
    {"a":"payment_2016_33"},
    {"a":"payment_2016_34"},
    {"a":"payment_2016_35"},
    {"a":"payment_2016_36"},
    {"a":"payment_2016_37"},
    {"a":"payment_2016_38"},
    {"a":"payment_2016_39"},
    {"a":"payment_2016_40"},
    {"a":"payment_2016_41"},
    {"a":"payment_2016_42"},
    {"a":"payment_2016_43"},
    {"a":"payment_2016_44"},
    {"a":"payment_2016_45"},
    {"a":"payment_2016_46"},
    {"a":"payment_2016_47"},
    {"a":"payment_2016_48"},
    {"a":"payment_2016_49"},
    {"a":"payment_2016_50"},
    {"a":"payment_2016_51"},
    {"a":"payment_2016_52"},
    {"a":"payment_2016_53"},
    {"a":"payment_2016_54"},
    {"a":"payment_2016_55"},
    {"a":"payment_2016_56"},
    {"a":"payment_2016_57"},
    {"a":"payment_2016_58"},
    {"a":"payment_2016_59"},
    {"a":"payment_2016_60"},
    {"a":"payment_2016_61"},
    {"a":"payment_2016_62"},
    {"a":"payment_2016_63"},
    {"a":"payment_2016_64"},
    {"a":"payment_2016_65"},
    {"a":"payment_2016_66"},
    {"a":"payment_2016_67"},
    {"a":"payment_2016_68"},
    {"a":"payment_2016_69"},
    {"a":"payment_2016_70"},
    {"a":"alice_and_bob_joint_return"}
  ],
  "fact_source_clauses": [
    1,
    2,
    3,
    4,
    5,
    6,
    7,
    8,
    9,
    10,
    11,
    12,
    13,
    14,
    15,
    16,
    17,
    18,
    19,
    20,
    21,
    22,
    23,
    24,
    25,
    26,
    27,
    28,
    29,
    30,
    31,
    32,
    33,
    34,
    35,
    36,
    37,
    38,
    39,
    40,
    41,
    42,
    43,
    44,
    45,
    46,
    47,
    48,
    49,
    50,
    51,
    52,
    53,
    54,
    55,
    56,
    57,
    58,
    59,
    60,
    61,
    62,
    63,
    64,
    65,
    66,
    67,
    68,
    69,
    70,
    71,
    72,
    73,
    74,
    75,
    76,
    77,
    78,
    79,
    80,
    81,
    82,
    83,
    84,
    85,
    86,
    87,
    88,
    89,
    90,
    91,
    92,
    93,
    94,
    95,
    96,
    97,
    98,
    99,
    100,
    101,
    102,
    103,
    104,
    105,
    106,
    107,
    108,
    109,
    110,
    111,
    112,
    113,
    114,
    115,
    116,
    117,
    118,
    119,
    120,
    121,
    122,
    123,
    124,
    125,
    126,
    127,
    128,
    129,
    130,
    131,
    132,
    133,
    134,
    135,
    136,
    137,
    138,
    139,
    140,
    141,
    142,
    143,
    144,
    145,
    146,
    147,
    148,
    149,
    150,
    151,
    152,
    153,
    154,
    155,
    156,
    157,
    158,
    159,
    160,
    161,
    162,
    163,
    164,
    165,
    166,
    167,
    168,
    169,
    170,
    171,
    172,
    173,
    174,
    175,
    176,
    177,
    178,
    179,
    180,
    181,
    182,
    183,
    184,
    185,
    186,
    187,
    188,
    189,
    190,
    191,
    192,
    193,
    194,
    195,
    196,
    197,
    198,
    199,
    200,
    201,
    202,
    203,
    204,
    205,
    206,
    207,
    208,
    209,
    210,
    211,
    212,
    213,
    214,
    215,
    216,
    217,
    218,
    219,
    220,
    221,
    222,
    223,
    224,
    225,
    226,
    227,
    228,
    229,
    230,
    231,
    232,
    233,
    234,
    235,
    236,
    237,
    238,
    239,
    240,
    241,
    242,
    243,
    244,
    245,
    246,
    247,
    248,
    249,
    250,
    251,
    252,
    253,
    254,
    255,
    256,
    257,
    258,
    259,
    260,
    261,
    262,
    263,
    264,
    265,
    266,
    267,
    268,
    269,
    270,
    271,
    272,
    273,
    274,
    275,
    276,
    277,
    278,
    279,
    280,
    281,
    282,
    283,
    284,
    285,
    286,
    287,
    288,
    289,
    290,
    291,
    292,
    293,
    294,
    295,
    296,
    297,
    298,
    299,
    300,
    301,
    302,
    303,
    304,
    305,
    306,
    307,
    308,
    309,
    310,
    311,
    312,
    313,
    314,
    315,
    316,
    317,
    318,
    319,
    320,
    321,
    322,
    323,
    324,
    325,
    326,
    327,
    328,
    329,
    330,
    331,
    332,
    333,
    334,
    335,
    336,
    337,
    338,
    339,
    340,
    341,
    342,
    343,
    344,
    345,
    346,
    347,
    348,
    349,
    350,
    351,
    352,
    353,
    354,
    355,
    356,
    357,
    358,
    359,
    360,
    361,
    362,
    363,
    364,
    365,
    366,
    367,
    368,
    369,
    370,
    371,
    372,
    373,
    374,
    375,
    376,
    377,
    378,
    379,
    380,
    381,
    382,
    383,
    384,
    385,
    386,
    387,
    388,
    389,
    390,
    391,
    392,
    393,
    394,
    395,
    396,
    397,
    398,
    399,
    400,
    401,
    402,
    403,
    404,
    405,
    406,
    407,
    408,
    409,
    410,
    411,
    412,
    413,
    414,
    415,
    416,
    417,
    418,
    419,
    420,
    421,
    422,
    423,
    424,
    425,
    426,
    427,
    428,
    429,
    430,
    431,
    432,
    433,
    434,
    435,
    436,
    437,
    438,
    439,
    440,
    441,
    442,
    443,
    444,
    445,
    446,
    447,
    448,
    449,
    450,
    451,
    452,
    453,
    454,
    455,
    456,
    457,
    458,
    459,
    460,
    461,
    462,
    463,
    464,
    465,
    466,
    467,
    468,
    469,
    470,
    471,
    472,
    473,
    474,
    475,
    476,
    477,
    478,
    479,
    480,
    481,
    482,
    483,
    484,
    485,
    486,
    487,
    488,
    489,
    490,
    491,
    492,
    493,
    494,
    495,
    496,
    497,
    498,
    499,
    500,
    501,
    502,
    503,
    504,
    505,
    506,
    507,
    508,
    509,
    510,
    511,
    512,
    513,
    514,
    515,
    516,
    517,
    518,
    519,
    520,
    521,
    522,
    523,
    524,
    525,
    526,
    527,
    528,
    529,
    530,
    531,
    532,
    533,
    534,
    535,
    536,
    537,
    538,
    539,
    540,
    541,
    542,
    543,
    544,
    545,
    546,
    547,
    548,
    549,
    550,
    551,
    552,
    553,
    554,
    555,
    556,
    557,
    558,
    559,
    560,
    561,
    562,
    563,
    564,
    565,
    566,
    567,
    568,
    569,
    570,
    571,
    572,
    573,
    574,
    575,
    576,
    577,
    578,
    579,
    580,
    581,
    582,
    583,
    584,
    585,
    586,
    587,
    588,
    589,
    590,
    591,
    592,
    593,
    594,
    595,
    596,
    597,
    598,
    599,
    600,
    601,
    602,
    603,
    604,
    605,
    606,
    607,
    608,
    609,
    610,
    611,
    612,
    613,
    614,
    615,
    616,
    617,
    618,
    619,
    620,
    621,
    622,
    623,
    624,
    625,
    626,
    627,
    628,
    629,
    630,
    631,
    632,
    633,
    634,
    635,
    636,
    637,
    638,
    639,
    640,
    641,
    642,
    643,
    644,
    645,
    646,
    647,
    648,
    649,
    650,
    651,
    652,
    653,
    654,
    655,
    656,
    657,
    658,
    659,
    660,
    661,
    662,
    663,
    664,
    665,
    666,
    667,
    668,
    669,
    670,
    671,
    672,
    673,
    674,
    675,
    676,
    677,
    678,
    679,
    680,
    681,
    682,
    683,
    684,
    685,
    686,
    687,
    688,
    689,
    690,
    691,
    692,
    693,
    694,
    695,
    696,
    697,
    698,
    699,
    700,
    701,
    702,
    703,
    704,
    705,
    706,
    707,
    708,
    709,
    710,
    711,
    712,
    713,
    714,
    715,
    716,
    717,
    718,
    719,
    720,
    721,
    722,
    723,
    724,
    725,
    726,
    727,
    728,
    729,
    730,
    731,
    732,
    733,
    734,
    735,
    736,
    737,
    738,
    739,
    740,
    741,
    742,
    743,
    744,
    745,
    746,
    747,
    748,
    749,
    750,
    751,
    752,
    753,
    754,
    755,
    756,
    757,
    758,
    759,
    760,
    761,
    762,
    763,
    764,
    765,
    766,
    767,
    768,
    769,
    770,
    771,
    772,
    773,
    774,
    775,
    776,
    777,
    778,
    779,
    780,
    781,
    782,
    783,
    784,
    785,
    786,
    787,
    788,
    789,
    790,
    791,
    792,
    793,
    794,
    795,
    796,
    797,
    798,
    799,
    800,
    801,
    802,
    803,
    804,
    805,
    806,
    807,
    808,
    809,
    810,
    811,
    812,
    813,
    814,
    815,
    816,
    817,
    818,
    819,
    820,
    821,
    822,
    823,
    824,
    825,
    826,
    827,
    828,
    829,
    830,
    831,
    832,
    833,
    834,
    835,
    836,
    837,
    838,
    839,
    840,
    841,
    842,
    843,
    844,
    845,
    846,
    847,
    848,
    849,
    850,
    851,
    852,
    853,
    854,
    855,
    856,
    857,
    858,
    859,
    860,
    861,
    862,
    863,
    864,
    865,
    866,
    867,
    868,
    869,
    870,
    871,
    872,
    873,
    874,
    875,
    876,
    877,
    878,
    879,
    880,
    881,
    882,
    883,
    884,
    885,
    886,
    887,
    888,
    889,
    890,
    891,
    892,
    893,
    894,
    895,
    896,
    897,
    898,
    899,
    900,
    901,
    902,
    903,
    904,
    905,
    906,
    907,
    908,
    909,
    910,
    911,
    912,
    913,
    914,
    915,
    916,
    917,
    918,
    919,
    920,
    921,
    922,
    923,
    924,
    925,
    926,
    927,
    928,
    929,
    930,
    931,
    932,
    933,
    934,
    935,
    936,
    937,
    938,
    939,
    940,
    941,
    942,
    943,
    944,
    945,
    946,
    947,
    948,
    949,
    950,
    951,
    952,
    953,
    954,
    955,
    956,
    957,
    958,
    959,
    960,
    961,
    962,
    963,
    964,
    965,
    966,
    967,
    968,
    969,
    970,
    971,
    972,
    973,
    974,
    975,
    976,
    977,
    978,
    979,
    980,
    981,
    982,
    983,
    984,
    985,
    986,
    987,
    988,
    989,
    990,
    991,
    992,
    993,
    994,
    995,
    996,
    997,
    998,
    999,
    1000,
    1001,
    1002,
    1003,
    1004,
    1005,
    1006,
    1007,
    1008,
    1009,
    1010,
    1011,
    1012,
    1013,
    1014,
    1015,
    1016,
    1017,
    1018,
    1019,
    1020,
    1021,
    1022,
    1023,
    1024,
    1025,
    1026,
    1027,
    1028,
    1029,
    1030,
    1031,
    1032,
    1033,
    1034,
    1035,
    1036,
    1037,
    1038,
    1039,
    1040,
    1041,
    1042,
    1043,
    1044,
    1045,
    1046,
    1047,
    1048,
    1049,
    1050,
    1051,
    1052,
    1053,
    1054,
    1055,
    1056,
    1057,
    1058,
    1059,
    1060,
    1061,
    1062,
    1063,
    1064,
    1065,
    1066,
    1067,
    1068,
    1069,
    1070,
    1071,
    1072,
    1073,
    1074,
    1075,
    1076,
    1077,
    1078,
    1079,
    1080,
    1081,
    1082,
    1083,
    1084,
    1085,
    1086,
    1087,
    1088,
    1089,
    1090,
    1091,
    1092,
    1093,
    1094,
    1095,
    1096,
    1097,
    1098,
    1099,
    1100,
    1101,
    1102,
    1103,
    1104,
    1105,
    1106,
    1107,
    1108,
    1109,
    1110,
    1111,
    1112,
    1113,
    1114,
    1115,
    1116,
    1117,
    1118,
    1119,
    1120,
    1121,
    1122,
    1123,
    1124,
    1125,
    1126,
    1127,
    1128,
    1129,
    1130,
    1131,
    1132,
    1133,
    1134,
    1135,
    1136,
    1137,
    1138,
    1139,
    1140,
    1141,
    1142,
    1143,
    1144,
    1145,
    1146,
    1147,
    1148,
    1149,
    1150,
    1151,
    1152,
    1153,
    1154,
    1155,
    1156,
    1157,
    1158,
    1159,
    1160,
    1161,
    1162,
    1163,
    1164,
    1165,
    1166,
    1167,
    1168,
    1169,
    1170,
    1171,
    1172,
    1173,
    1174,
    1175,
    1176,
    1177,
    1178,
    1179,
    1180,
    1181,
    1182,
    1183,
    1184,
    1185,
    1186,
    1187,
    1188,
    1189,
    1190,
    1191,
    1192,
    1193,
    1194,
    1195,
    1196,
    1197,
    1198,
    1199,
    1200,
    1201,
    1202,
    1203,
    1204,
    1205,
    1206,
    1207,
    1208,
    1209,
    1210,
    1211,
    1212,
    1213,
    1214,
    1215,
    1216,
    1217,
    1218,
    1219,
    1220,
    1221,
    1222,
    1223,
    1224,
    1225,
    1226,
    1227,
    1228,
    1229,
    1230,
    1231,
    1232,
    1233,
    1234,
    1235,
    1236,
    1237,
    1238,
    1239,
    1240,
    1241,
    1242,
    1243,
    1244,
    1245,
    1246,
    1247,
    1248,
    1249,
    1250,
    1251,
    1252,
    1253,
    1254,
    1255,
    1256,
    1257,
    1258,
    1259,
    1260,
    1261,
    1262,
    1263,
    1264,
    1265,
    1266,
    1267,
    1268,
    1269,
    1270,
    1271,
    1272,
    1273,
    1274,
    1275,
    1276,
    1277,
    1278,
    1279,
    1280,
    1281,
    1282,
    1283,
    1284,
    1285,
    1286,
    1287,
    1288,
    1289,
    1290,
    1291,
    1292,
    1293,
    1294,
    1295,
    1296,
    1297,
    1298,
    1299,
    1300,
    1301,
    1302,
    1303,
    1304,
    1305,
    1306,
    1307,
    1308,
    1309,
    1310,
    1311,
    1312,
    1313,
    1314,
    1315,
    1316,
    1317,
    1318,
    1319,
    1320,
    1321,
    1322,
    1323,
    1324,
    1325,
    1326,
    1327,
    1328,
    1329,
    1330,
    1331,
    1332,
    1333,
    1334,
    1335,
    1336,
    1337,
    1338,
    1339,
    1340,
    1341,
    1342,
    1343,
    1344,
    1345,
    1346,
    1347,
    1348,
    1349,
    1350,
    1351,
    1352,
    1353,
    1354,
    1355,
    1356,
    1357,
    1358,
    1359,
    1360,
    1361,
    1362,
    1363,
    1364,
    1365,
    1366,
    1367,
    1368,
    1369,
    1370,
    1371,
    1372,
    1373,
    1374,
    1375,
    1376,
    1377,
    1378,
    1379,
    1380,
    1381,
    1382,
    1383,
    1384,
    1385,
    1386,
    1387,
    1388,
    1389,
    1390,
    1391,
    1392,
    1393,
    1394,
    1395,
    1396,
    1397,
    1398,
    1399,
    1400,
    1401,
    1402,
    1403,
    1404,
    1405,
    1406,
    1407,
    1408,
    1409,
    1410,
    1411,
    1412,
    1413,
    1414,
    1415,
    1416,
    1417,
    1418,
    1419,
    1420,
    1421,
    1422,
    1423,
    1424,
    1425,
    1426,
    1427,
    1428,
    1429,
    1430,
    1431,
    1432,
    1433,
    1434,
    1435,
    1436,
    1437,
    1438,
    1439,
    1440,
    1441,
    1442,
    1443,
    1444,
    1445,
    1446,
    1447,
    1448,
    1449,
    1450,
    1451,
    1452,
    1453,
    1454,
    1455,
    1456,
    1457,
    1458,
    1459,
    1460,
    1461,
    1462,
    1463,
    1464,
    1465,
    1466,
    1467,
    1468,
    1469,
    1470,
    1471,
    1472,
    1473,
    1474,
    1475,
    1476,
    1477,
    1478,
    1479,
    1480,
    1481,
    1482,
    1483,
    1484,
    1485,
    1486,
    1487,
    1488,
    1489,
    1490,
    1491,
    1492,
    1493,
    1494,
    1495,
    1496,
    1497,
    1498,
    1499,
    1500,
    1501,
    1502,
    1503,
    1504,
    1505,
    1506,
    1507,
    1508,
    1509,
    1510,
    1511,
    1512,
    1513,
    1514,
    1515,
    1516,
    1517,
    1518,
    1519,
    1520,
    1521,
    1522,
    1523,
    1524,
    1525,
    1526,
    1527,
    1528,
    1529,
    1530,
    1531,
    1532,
    1533,
    1534,
    1535,
    1536,
    1537,
    1538,
    1539,
    1540,
    1541,
    1542,
    1543,
    1544,
    1545,
    1546,
    1547,
    1548,
    1549,
    1550,
    1551,
    1552,
    1553,
    1554,
    1555,
    1556,
    1557,
    1558,
    1559,
    1560,
    1561,
    1562,
    1563,
    1564,
    1565,
    1566,
    1567,
    1568,
    1569,
    1570,
    1571,
    1572,
    1573,
    1574,
    1575,
    1576,
    1577,
    1578,
    1579,
    1580,
    1581,
    1582,
    1583,
    1584,
    1585,
    1586,
    1587,
    1588,
    1589,
    1590,
    1591,
    1592,
    1593,
    1594,
    1595,
    1596,
    1597,
    1598,
    1599,
    1600,
    1601,
    1602,
    1603,
    1604,
    1605,
    1606,
    1607,
    1608,
    1609,
    1610,
    1611,
    1612,
    1613,
    1614,
    1615,
    1616,
    1617,
    1618,
    1619,
    1620,
    1621,
    1622,
    1623,
    1624,
    1625,
    1626,
    1627,
    1628,
    1629,
    1630,
    1631,
    1632,
    1633,
    1634,
    1635,
    1636,
    1637,
    1638,
    1639,
    1640,
    1641,
    1642,
    1643,
    1644,
    1645,
    1646,
    1647,
    1648,
    1649,
    1650,
    1651,
    1652,
    1653,
    1654,
    1655,
    1656,
    1657,
    1658,
    1659,
    1660,
    1661,
    1662,
    1663,
    1664,
    1665,
    1666,
    1667,
    1668,
    1669,
    1670,
    1671,
    1672,
    1673,
    1674,
    1675,
    1676,
    1677,
    1678,
    1679,
    1680,
    1681,
    1682,
    1683,
    1684,
    1685,
    1686,
    1687,
    1688,
    1689,
    1690,
    1691,
    1692,
    1693,
    1694,
    1695,
    1696,
    1697,
    1698,
    1699,
    1700,
    1701,
    1702,
    1703,
    1704,
    1705,
    1706,
    1707,
    1708,
    1709,
    1710,
    1711,
    1712,
    1713,
    1714,
    1715,
    1716,
    1717,
    1718,
    1719,
    1720,
    1721,
    1722,
    1723,
    1724,
    1725,
    1726,
    1727,
    1728,
    1729,
    1730,
    1731,
    1732,
    1733,
    1734,
    1735,
    1736
  ],
  "stats": {
    "unary_proofs":316,
    "distinct_event_domain":316,
    "service_proofs":157,
    "distinct_service_domain":157,
    "fact_count":1736,
    "stipulation_count":0,
    "wildcard_count":0,
    "grounding_cpu_seconds":0.04859179400000002,
    "grounding_wall_seconds":0.049378156661987305,
    "candidate": {"scope":"not_applicable"}
  },
  "tax": {
    "status":"first_solution",
    "value":27181,
    "cpu_seconds":0.07111829199999997,
    "wall_seconds":0.07111859321594238
  }
}
